1	256,383,544,556,5787,479,862,1307,3009,4624,5063,28,33,309,310
15	270,271,295,332,788,6893,317,494,1025,1238,4996,269,273,2346,5323
16	1267,1964,2435,1,2233,39,219,226,230,236,295,305,343,795,796
26	179,230,352,762,2303,8171,8531,487,618,1073,1074,1075,1076,456,503
29	65,90,162,428,551,582,708,781,872,1527,1595,6107,395,689,1602
40	418,666,694,737,1909,2573,2574,2575,2576,367,514,735,1499,2209,2776
56	1261,2249,71,73,191,224,229,230,232,233,234,235,236,238,239
110	79,133,269,291,329,332,351,471,1205,3227,3228,3229,3230,3231,65
118	204,1838,2515,3875,187,271,523,743,3357,550,690,1607,2257,4826,4
122	3,261,735,1632,3738,7,205,328,4308,4601,0,2,318,692,1221
127	186,523,571,783,1074,2470,3062,3328,168,627,762,3359,4217,5330,7050
139	176,1680,3900,3,406,1970,4780,8716,365,1095,1099,1100,1183,1755,4321
157	181,520,88,110,117,119,137,289,316,551,571,692,693,902,930
167	3,618,2947,2948,2949,2950,2951,230,1423,3686,3914,3915,5387,5388,2209
170	3,31,39,41,46,65,191,206,209,224,271,295,308,316,383
173	203,370,773,7981,598,826,953,1618,204,214,217,2392,3017,3182,3183
180	120,4364,127,585,1153,1603,1756,1945,2560,3046,3984,119,219,238,348
185	638,712,2463,426,745,784,902,1998,2005,3900,5231,8695,339,1588,4695
196	112,117,147,162,411,428,570,627,691,717,736,1080,1563,1662,1666
199	193,764,769,990,2265,5738,6888,6889,6890,655,8169,366,455,463,517
243	206,251,254,255,521,645,679,1027,2327,2722,3260,5021,5108,110,316
249	3,953,2374,65,800,958,959,960,962,2444,4500,4501,4502,328,378
254	418,2703,45,111,586,1115,92,95,154,162,704,865,1714,2052,2564
255	204,859,179,228,467,531,566,1069,1547,1551,2389,724,1163,2981,186
258	458,1781,2969,531,862,3811,1547,1805,3692,4018,5273,6340,3,4,69
279	124,579,2361,511,687,1947,2777,3279,3306,3379,4298,5134,5412,6183,6811
282	69,1658,4273,72,193,303,361,644,653,773,1030,1267,1894,2681,2773
284	0,2,3,5,6,7,193,343,378,387,826,1931,2364,6302,69
288	162,697,2014,9410,431,859,1575,7803,429,508,1183,1440,1478,1619,1705
291	189,655,986,2530,6888,8169,54,127,142,186,434,627,904,985,1001
292	783,70,94,859,865,2084,8972,90,137,316,515,1942,7807,78,162
300	2060,3363,0,7574,8487,556,599,2638,204,1030,501,688,3435,205,236
305	186,1995,4762,7051,7096,8494,9174,363,2740,4611,4896,598,826,1147,1617
314	582,870,1139,2949,3171,409,583,587,708,724,726,770,966,1561,1564
318	204,582,583,735,1138,1561,5012,5013,5014,376,387,586,709,734,865
322	97,378,418,1075,1715,1879,1898,2798,3206,3631,5915,6630,8414,2819,4709
331	90,117,186,188,428,697,703,778,877,878,879,99,567,779,800
351	586,859,5190,3,5,343,377,1078,1079,1080,627,1707,2,238,340
368	654,679,766,1645,1650,4019,4020,4021,4022,4023,4024,119,387,724,969
391	859,1573,2055,188,209,3193,3194,3195,337,773,1635,4083,4534,4,406
408	303,743,520,990,1644,2427,99,119,188,396,418,458,632,724,1047
413	4,65,295,1024,3708,5524,5897,7094,42,49,235,370,600,898,1033
425	204,297,574,910,2356,2780,3728,45,95,113,147,162,205,265,411
448	708,1561,5651,367,582,953,1139,1564,2796,3569,6787,6822,9433,4896,5027
459	770,2874,406,557,558,559,1230,2499,4734,4735,4736,147,204,230,265
466	1138,3005,3737,147,865,2634,708,735,1785,4,204,2542,2769,3034,4775
495	3065,5396,1914,2268,2372,2655,119,378,387,428,431,549,627,800,841
502	3,204,728,734,1139,1567,2347,5031,62,488,1398,2148,2895,3656,5600
504	1189,1293,3467,328,4,12,15,65,70,303,378,406,516,574,714
509	72,191,264,269,797,1265,1316,2674,4193,4452,6482,6929,8630,9171,27
526	233,464,542,546,799,1638,1999,2598,0,303,337,970,2947,4,261
532	401,458,518,1242,1645,2735,2974,3,252,378,524,547,549,743,1527
543	562,2077,2227,6969,9445,195,378,485,857,9600,708,953,9175,3,204
552	2015,3116,117,560,941,99,119,122,181,265,440,611,703,779,800
573	4,479,497,961,1182,1680,2916,2918,2919,2920,2921,2922,2924,2005,2665
587	206,418,737,762,1016,2015,2423,5181,7588,4,113,119,127,150,182
611	582,1830,2925,111,5620,6805,7438,865,2634,3666,39,97,169,524,1109
628	60,181,204,280,583,627,800,3734,5532,7232,3,387,953,3811,197
634	82,1602,4172,2,5,343,372,1561,1886,2347,2496,2528,4894,5008,5392
637	191,2688,1573,6444,1267,3220,3121,2403,2797,4060,5,205,269,388,608
645	4,65,78,122,137,204,483,570,579,618,735,783,1069,1104,1586
646	2796,4219,230,378,3586,5330,953,2353,2489,2765,2769,2774,3770,3822,5333
649	4,703,1754,4878,7602,3,378,515,1500,957,2665,6268,6415,639,859
652	141,996,1150,2441,4756,4757,99,124,136,1421,1485,2497,224,684,685
655	69,693,743,1388,1546,1715,2050,2235,3524,4383,4384,4385,238,2752,3624
660	0,2,3,117,179,204,209,224,373,378,406,504,799,889,953
669	1388,1909,6731,8248,188,204,426,762,1138,1911,1913,1914,110,161,227
673	4,264,1120,1233,4260,4452,6176,9274,9275,88,282,515,552,773,2311
729	193,367,1070,1709,2506,7291,708,6145,7872,387,1819,7794,4,204,618
735	3,26,337,338,342,344,345,346,347,348,4,367,406,464,650
756	120,147,219,381,579,702,720,990,1577,2835,2988,3208,4436,5622,5623
765	514,1135,7848,251,285,421,1055,1075,1775,2342,2371,3279,3451,3962,4320
767	455,2199,0,224,343,461,2347,358,499,60,146,204,1138,2240,179
778	3,2064,755,865,3629,6351,6855,8262,79,101,102,124,152,186,209
784	372,734,1042,1137,1230,2636,2897,4115,4510,5323,5530,7930,2490,7723,387
788	90,117,181,428,515,697,878,879,4,426,440,612,743,780,800
803	90,210,7622,511,618,1073,1074,428,607,703,770,188,859,953,1047
805	78,438,526,1767,2591,2769,3644,3654,5473,6404,7480,2,463,688,799
809	1707,4290,4291,2177,3507,4171,5588,5,2193,5506,4734,2179,2248,3029,3
828	1832,1910,6731,8248,114,119,136,179,182,188,238,297,462,485,488
843	523,703,736,2909,3775,4361,4505,7013,2788,6221,6822,162,864,2928,117
873	255,552,600,680,1032,1061,1130,1173,1240,1345,3388,3572,3759,4155,4156
886	69,855,2711,3713,3714,167,2797,4217,4219,5584,343,387,6373,6877,7760
910	2796,4216,4218,364,1779,2687,3292,3586,4776,5328,5523,8138,5330,5536,1
924	117,148,517,523,585,872,890,1900,1901,1903,1904,1905,1906,1907,363
927	99,383,857,1370,1385,1813,6666,181,523,703,778,877,1959,3282,3993
931	1267,1735,69,795,796,2210,4903,3,27,149,1223,1297,1341,1635,1936
937	583,2347,2349,2353,3328,186,828,1109,1154,92,147,290,570,702,753
949	280,336,3123,3124,3125,46,1744,1752,3201,5510,5511,523,794,1099,1147
968	388,1128,1423,1437,2503,3768,4620,4622,4686,4869,5154,8215,3,204,378
970	579,3139,6020,136,2361,232,567,799,1472,1662,1666,6297,39,63,65
972	318,328,1194,1297,1343,1351,1520,2192,271,317,383,5891,0,13,191
973	48,49,311,3094,4187,4257,4965,4986,6232,47,251,265,278,599,899
980	0,206,223,254,284,339,775,852,1936,1972,2593,2608,2687,2688,2689
1017	269,329,331,332,333,335,54,186,1142,1701,1838,1840,2449,8768,9191
1019	4,1654,1655,1656,2852,3874,6393,162,702,1885,6774,387,583,186,1139
1029	3,4,173,179,204,367,378,406,524,585,595,618,691,768,799
1030	24,1030,1125,1297,1915,2503,5154,111,418,1079,2478,4956,5045,6230,0
1032	181,186,520,377,380,895,3276,5842,5843,66,193,445,446,458,530
1041	692,4916,7969,8080,1355,2964,4763,1135,3665,99,117,181,205,232,387
1050	88,110,181,185,383,446,450,525,530,532,540,570,599,643,743
1054	552,1032,1953,117,157,191,224,251,283,285,380,492,515,517,961
1072	3,618,406,953,1142,1573,2796,2797,3770,3894,4217,6104,6502,6615,7158
1076	265,737,1524,1606,1752,1765,1782,2426,2622,2721,4040,4042,99,110,119
1116	188,4441,4451,1,193,233,337,343,347,1223,3609,3624,4230,453,976
1121	71,1182,1432,1882,2467,2825,5393,209,282,1406,2564,3314,7120,251,278
1124	431,773,828,1163,1719,1724,1861,1925,2050,2145,2396,2402,2585,2937,3257
1140	204,401,560,586,1012,1138,2406,2532,7233,7234,55,101,136,528,574
1165	12,241,255,303,318,339,343,347,479,590,1238,1267,1303,1936,2084
1173	1952,1954,3529,3704,3898,5292,5293,201,370,716,1075,9439,1707,4324,4325
1176	1741,5782,6640,2962,3795,4809,6184,7209,857,1691,1715,348,387,405,724
1181	4,70,181,376,396,587,721,800,1138,1357,2797,3106,3662,3983,4093
1187	4,15,303,337,367,795,1307,1860,2718,3224,3225,162,219,1872,2179
1203	458,966,1652,8356,133,149,191,328,1739,1931,2191,2211,2231,3322,7847
1220	54,99,119,186,190,277,280,452,570,571,689,690,693,696,780
1225	320,2064,6553,3,204,406,735,1804,1840,2437,4278,5041,209,367,743
1238	69,70,78,136,219,252,303,544,3238,4430,6272,6419,368,405,510
1259	378,391,1402,179,219,2045,162,279,736,1069,176,3900,209,224,383
1276	331,743,1953,4202,3,124,149,387,395,580,709,1477,1484,1689,1709
1284	3,859,1505,1674,2490,4277,4850,6523,6524,395,3586,991,1707,1848,583
1294	348,2490,204,406,859,1142,1554,1573,3770,3894,4217,6104,6615,7158,120
1298	916,2991,4682,6150,187,2799,5749,6505,953,2490,2797,204,367,3207,2396
1305	0,1,2,5,6,7,188,209,3193,3194,3195,162,1872,2179,2496
1306	2084,5672,0,326,336,770,871,1415,1631,1632,2500,3025,4023,8247,367
1309	1,2,3,5,6,205,561,4308,4601,46,842,2930,3231,378,455
1315	318,653,1351,3467,37,342,516,773,1043,1256,1297,1303,1310,2295,2600
1317	570,685,841,944,1102,1595,1715,1806,1887,2402,3578,3580,64,79,91
1336	112,117,147,162,571,627,691,720,736,1080,1563,1678,1862,2254,2464
1360	186,373,406,479,1142,1596,3843,58,122,152,167,219,303,387,775
1363	461,1089,6401,6988,7492,3,284,356,383,574,1524,149,391,757,6482
1369	65,796,1262,1449,2678,2777,350,351,352,353,355,356,358,359,3
1372	383,400,952,1032,1448,1752,2499,7393,78,110,117,1108,2752,7480,1705
1378	783,78,142,169,280,428,438,602,616,743,1472,1526,2789,3661,4454
1382	239,773,1047,2924,3,387,70,78,241,246,383,574,684,7127,117
1400	117,119,150,186,523,524,627,689,721,778,957,1147,1680,1940,2552
1405	571,859,124,136,149,217,303,467,511,785,827,2372,2564,3370,3950
1419	1885,2483,2663,69,137,387,582,870,1139,2949,3171,146,181,585,586
1436	0,3,241,246,328,337,679,1267,556,2638,572,5320,5321,5883,310
1445	117,1158,1391,1403,1447,2396,3394,4485,5594,5741,265,2947,5055,153,162
1451	124,136,381,2540,459,565,3915,4495,67,1276,2145,7668,8135,8136,119
1457	99,106,162,181,312,345,458,463,585,800,895,913,1058,1062,1417
1463	69,156,233,1658,1936,1970,2318,4530,3,264,961,1972,1975,4047,4409
1465	796,1223,4180,284,349,2499,7066,8954,390,458,970,2524,239,248,352
1472	3,11,162,204,348,387,460,586,597,708,730,763,948,990,1139
1477	318,333,2190,233,543,546,1750,7526,0,67,191,337,799,1808,1960
1496	65,69,264,854,961,1061,1283,1306,2363,4411,7911,7912,191,252,285
1500	110,120,127,137,142,422,523,569,706,1016,2264,2684,2685,2686,162
1512	773,60,119,280,378,523,537,857,877,1500,1561,1582,1622,1875,1919
1529	3,265,703,241,1227,1327,1484,2500,2645,3386,4146,6616,6617,39,921
1535	137,547,548,549,1538,2284,3484,6155,162,864,2928,122,230,1602,4580
1544	7,84,373,1221,1351,2177,2496,3002,157,2122,4339,4340,67,1406,5407
1555	841,2966,3027,3666,3966,4013,8752,167,735,1710,2796,4217,7034,303,1077
1558	270,352,359,475,491,556,2638,5872,344,1303,2672,191,599,679,855
1561	418,2657,5077,5078,41,110,271,380,551,574,939,1527,1907,203,401
1583	127,138,204,378,413,585,587,721,743,1147,1575,1582,2328,2537,2552
1586	0,339,383,616,618,862,1047,1301,2084,2113,4,785,1709,2663,3206
1588	90,117,119,181,188,428,515,697,778,877,878,879,99,567,585
1606	1718,1874,2898,3319,8569,69,78,475,618,1009,367,381,2723,191,303
1621	39,181,220,395,487,536,721,800,811,928,1540,2027,2284,2559,3683
1628	1666,90,120,428,611,697,703,1871,1895,1896,2575,2581,2655,5870,6630
1635	206,679,2632,4124,293,450,771,2635,2642,2714,3201,3222,3995,428,900
1645	372,963,3573,3697,5661,193,458,654,682,899,7,627,971,1047,4039
1652	0,1,69,167,191,246,316,328,367,375,383,421,461,524,556
1657	54,88,181,303,370,413,421,830,844,1010,1099,1183,1369,1747,2011
1658	69,156,235,499,653,1193,1250,1347,1351,1494,2456,3336,3814,4175,5446
1660	348,1660,2233,2245,2924,3607,4267,4268,0,224,239,245,246,251,255
1663	2503,3467,1230,3790,3840,319,430,952,1439,1448,1762,1823,2001,2488,2614
1666	734,1848,3892,372,2688,6444,2,4,337,505,1657,7027,859,3349,4015
1676	1845,2737,3552,303,2947,284,724,773,1406,4762,582,865,1554,1561,1573
1685	3,1405,1935,3054,3149,206,280,393,770,2883,8776,2480,2500,3325,3602
1687	938,1609,2321,3184,3585,3954,7567,7568,1805,2319,2320,101,378,523,527
1701	146,188,204,755,1142,1884,1931,3737,4111,5711,523,724,737,778,988
1736	1472,3307,4377,91,95,1380,2746,3954,6559,8184,8933,410,1697,2351,2687
1740	359,392,524,1872,2062,2063,2065,328,401,1969,3351,3477,6808,607,926
1768	136,349,796,1262,1449,2678,157,1350,1750,2064,2156,2930,3465,3746,4685
1778	859,1554,6004,4,39,238,477,487,497,1656,1872,2063,2083,2098,2439
1781	52,1426,4535,61,181,285,516,653,1051,1055,1345,4367,43,49,2111
1783	561,8675,37,458,1303,4601,7319,1180,1279,1635,186,708,724,4,224
1795	11,205,348,460,479,597,708,724,730,763,948,990,1573,1671,1743
1800	384,405,606,1354,1525,1718,161,429,753,1538,117,219,1802,2079,2226
1806	4206,7982,8287,4,238,515,778,4136,750,1536,2591,6306,6571,6628,6629
1829	528,683,770,986,1032,1148,1291,2104,2311,2895,3164,5955,5959,6318,8388
1854	11,16,18,41,52,57,63,69,72,79,122,124,136,137,156
1899	167,566,705,1497,2385,2555,2657,2947,4656,6442,60,99,122,137,186
1912	2925,3806,4213,5027,7650,204,781,2347,4212,4568,7902,7903,3,11,179
1917	119,762,3249,6846,8465,97,117,150,418,429,616,720,1541,1619,2257
1941	2102,7591,9600,2103,3272,137,186,210,318,367,697,728,1686,2081,2216
1943	23,204,245,582,2627,2638,2743,2955,5751,0,3,241,246,328,599
1951	11,13,52,63,191,224,318,556,1288,1449,4402,4861,124,156,252
1962	66,378,1147,291,3491,542,583,1403,1561,6644,359,3055,2328,5879,345
1966	233,333,1278,1285,2064,4559,4560,12,247,328,1223,1224,1270,1311,1334
1968	4,224,230,328,352,359,2998,4052,4311,179,458,2692,4572,46,65
1979	1,450,859,1313,2216,3350,3777,3811,5249,6877,7,653,1520,1658,1963
1981	381,1523,0,251,454,460,542,618,661,671,708,728,1024,1496,1554
1998	0,67,337,799,1808,1960,2506,2688,2711,3724,3726,3727,3,303,2505
2000	191,303,1142,1406,7355,366,2347,4120,264,297,359,2372,2457,4572,58
2014	737,1819,392,401,409,524,1138,3327,251,295,505,518,1279,1325,2311
2020	146,523,586,1780,60,119,280,878,3184,204,627,1561,1885,2657,2812
2031	423,3025,67,191,303,522,1314,1958,284,349,2499,7066,8954,2,366
2036	71,358,2678,2698,1221,1337,1351,347,372,2216,2233,191,255,69,269
2047	65,181,187,1379,1496,1567,1667,1668,2320,2947,2948,2949,2950,2951,119
2049	162,406,428,606,1563,2065,2449,2493,3501,4087,4733,4734,5588,5848,5849
2051	11,27,32,33,37,67,69,236,241,245,262,268,269,317,318
2068	214,641,743,826,1008,1666,2031,2545,3114,3241,3264,3816,4886,5532,6186
2071	204,1406,1460,1473,1855,2000,5130,5277,6009,6417,6937,6939,878,3184,3309
2103	1104,4106,54,88,114,139,148,150,289,293,316,547,607,627,804
2121	206,246,1128,1931,2122,233,366,645,735,241,305,359,677,1032,1099
2130	295,362,1845,2185,1421,3463,4950,4951,4952,110,525,1472,2035,524,1414
2147	859,4,583,511,9147,367,4668,1494,1498,2075,2077,2427,7028,303,460
2152	181,800,986,990,1561,1682,5002,70,167,188,1575,1809,1830,2655,6826
2156	3,191,471,484,495,516,544,653,2526,3620,528,574,771,1032,1279
2192	1030,1520,2156,3790,0,73,117,340,375,445,446,458,515,517,899
2198	523,737,3810,4243,204,859,4,1705,7009,167,367,456,483,1581,2975
2199	653,1759,2503,4139,406,3612,6856,8144,3,204,265,693,230,320,854
2200	232,431,762,800,2410,303,721,413,439,9395,4,185,306,421,438
2220	316,395,5433,7740,607,762,3071,3328,429,1355,2029,2488,2585,3738,4001
2243	3,348,562,708,726,735,1142,1870,2002,3350,3563,3611,3960,5010,5527
2248	149,233,269,339,1297,1341,1635,1936,2346,2924,3768,5222,5891,5892,574
2257	2688,269,333,583,1030,1488,3790,3819,5029,0,337,970,2947,27,561
2273	377,444,450,463,602,643,647,650,654,665,671,679,683,736,761
2274	186,367,391,627,1879,2152,2427,3692,4666,4667,4668,396,3412,4447,204
2275	186,501,2263,2768,4011,4,378,3586,4217,5330,864,1151,1572,3,254
2282	1,343,347,372,536,683,770,1571,1804,2776,3151,3351,5258,8712,2
2287	136,1767,2029,2581,5006,5645,6315,8705,119,181,280,546,587,735,839
2293	232,259,268,269,280,401,523,560,561,602,607,778,879,957,1656
2302	447,720,3591,5256,6453,8392,8690,1914,3222,3223,282,380,1863,6264,6746
2309	31,49,255,552,600,645,646,653,680,1059,1061,1128,1130,1173,1240
2313	162,1872,2496,3002,3273,3274,387,328,339,4216,5150,0,1,2,5
2331	776,1131,1462,2593,2689,6767,238,291,1574,1741,2752,8950,265,303,397
2333	376,1573,2979,3832,6614,7171,7684,7686,8461,8796,101,580,618,1988,2102
2342	262,1297,158,224,246,252,303,1303,3381,4530,4,953,1245,1433,2455
2345	181,284,375,586,3816,191,303,2505,2688,800,862,3348,4018,136,381
2348	870,2949,3171,3244,204,5012,5013,5014,409,587,724,726,770,966,1559
2360	93,117,146,515,523,689,697,704,720,778,781,872,997,1006,1387
2404	561,1658,4273,464,3199,303,511,4683,7128,5989,6726,2,2186,7258,1
2415	117,7504,7738,88,119,286,316,401,438,523,560,697,703,711,830
2424	13,33,383,516,1197,1967,1975,2363,2510,3336,3348,69,337,462,2819
2433	186,373,406,479,693,3589,6363,4,443,2207,5140,6960,248,328,2088
2440	137,181,458,515,547,548,587,721,800,1500,1746,3624,4825,5112,5551
2457	271,297,1525,4843,162,284,380,597,727,735,859,1047,1064,1147,1558
2458	328,1520,3003,3004,230,303,658,857,4162,4171,321,366,395,2311,1344
2460	653,1227,1246,1294,1316,1324,5106,5494,58,61,231,264,297,310,317
2465	15,247,1307,1656,2599,11,70,328,333,544,688,6190,423,574,3025
2467	147,409,953,1618,2084,2177,2347,3,214,367,2427,4,343,372,396
2468	3,293,303,367,475,488,2398,2711,2860,3387,375,574,2371,2627,4662
2474	409,583,587,708,726,735,770,966,1561,1564,5441,720,859,953,1153
2475	524,2635,66,254,270,271,348,352,359,375,1024,1148,1176,1182,1633
2476	963,2248,446,450,964,965,967,968,970,972,458,2102,2103,724,735
2478	396,2347,5496,1905,3590,9456,306,524,579,3336,6103,7911,1155,1721,2030
2483	193,194,429,450,675,1420,1793,1830,2635,4102,4142,4618,4812,5122,7103
2493	84,1138,1674,2815,518,1872,4324,4508,5319,204,479,735,953,1142,1656
2495	2423,2537,3872,4640,6007,6027,6260,6603,7359,8124,54,117,130,238,515
2496	168,378,1805,1812,3313,3479,162,616,1885,6572,181,430,1666,127,627
2498	156,251,337,528,1330,4,124,381,1752,2540,3,99,181,401,560
2505	185,249,348,378,684,724,735,2920,3208,3266,4714,5980,9425,257,501
2527	79,1303,1406,1602,7505,117,406,4052,7808,3,5056,5513,5514,6396,8190
2537	1138,1674,2177,2496,2815,5,46,119,303,429,1032,1041,2223,4171,6455
2543	224,796,1307,1967,3336,303,367,2505,2688,69,337,970,2947,361,464
2551	794,2926,5582,181,1267,3738,383,1032,1661,1662,1663,1664,1665,1666,239
2565	1293,1310,3082,3467,653,2503,788,8766,236,1337,84,4171,191,255,328
2573	245,383,1753,119,181,204,376,396,549,1591,2170,3051,4052,0,269
2574	119,1147,2913,870,1804,1955,5846,3459,3843,6401,7422,3,4,381,1523
2600	162,387,405,1536,2649,4316,582,583,1561,2347,4629,119,167,371,373
2624	150,222,549,550,570,890,1006,1104,1403,1527,1586,1600,1602,2145,2837
2628	72,364,1892,2791,4495,46,64,79,297,307,418,504,515,523,775
2650	271,1525,4843,179,291,337,504,2657,5677,691,1743,3601,41,186,206
2651	95,162,577,2464,3949,204,387,859,4762,49,289,359,383,413,463
2660	724,735,770,1885,5837,367,1077,1656,3619,6466,119,278,370,421,900
2663	230,357,911,689,864,2928,1618,1658,1744,401,775,1415,1485,1780,2433
2664	269,336,516,7915,204,405,471,191,217,222,544,687,785,1049,1067
2666	181,197,387,587,724,778,800,1785,3034,4013,6101,7539,3,709,859
2672	175,701,753,187,986,4656,7787,418,428,736,5997,215,370,4873,5518
2692	303,328,390,406,1189,2070,3479,4317,855,2711,3713,3714,522,1223,1564
2693	186,463,5036,5750,585,627,1874,2264,3,387,582,586,1142,1497,1561
2723	4068,5294,5295,5296,5297,461,3841,5057,5234,0,233,1030,1135,1285,41
2735	3,367,1630,2655,3811,78,122,571,689,697,720,904,905,909,1069
2738	735,4131,7861,204,1554,1573,2225,583,708,1885,5012,5013,5014,119,378
2746	162,367,409,708,1138,1561,1563,2056,3517,3966,5249,5277,7135,372,387
2759	78,222,224,246,271,1059,1182,6805,367,2347,4120,66,117,504,1147
2760	524,708,735,1562,2657,6456,616,1375,6572,204,6774,953,1554,4173,1738
2774	119,1707,5942,413,618,803,823,1008,1399,1554,1573,3068,4229,4948,162
2803	124,395,2777,4139,4783,4793,5246,4,1546,2449,2490,479,1079,1147,1559
2811	110,314,315,46,88,161,306,717,894,908,927,933,937,959,1154
2820	365,1538,3241,4641,383,1104,1586,5128,378,1437,2210,201,359,4715,5249
2829	269,653,1221,1230,3840,219,1520,2318,5906,6363,3,57,79,149,155
2834	86,149,240,252,264,845,2711,3457,5046,6209,6959,7427,3,69,328
2837	378,704,1008,1497,5750,3,136,367,693,708,1472,1715,1840,1919,4264
2842	3,4,54,167,368,387,675,724,728,859,988,1142,1148,1561,1687
2854	2750,3269,4618,8028,524,2966,4599,5,2193,5506,4291,4734,2084,4290,84
2859	408,694,1558,1707,1883,1885,2257,2611,5135,5273,692,977,1992,5929,6186
2878	230,378,1398,4399,119,720,728,1573,1715,2959,2999,5027,1142,1687,1839
2880	387,463,545,720,968,978,1823,3183,3811,4901,430,1093,1863,2378,2402
2886	1,181,539,568,587,735,1267,1573,2379,4651,708,6351,26,162,186
2889	39,46,239,269,1279,1539,1939,2257,2678,2838,3029,3087,3130,5888,6857
2892	1189,1293,1310,3082,3467,4,12,15,65,69,70,191,303,378,383
2894	582,708,1885,3204,3244,4466,5221,5527,6848,167,367,2695,6165,6257,6770
2910	99,119,162,181,238,288,316,692,721,800,870,917,918,934,941
2915	117,122,204,396,418,571,697,720,904,905,909,1950,3739,3741,137
2933	1808,3723,5140,6727,7118,7553,8118,8334,1,4,9,11,12,13,69
2968	400,911,1359,1360,1361,458,679,3124,3789,3935,239,295,446,1663,2440
2976	67,156,179,206,236,303,332,349,352,357,366,370,375,392,471
2987	1,303,328,332,339,379,495,645,673,1030,1337,1343,1470,1637,1653
2992	3,205,239,1030,4202,3814,11,67,78,191,236,471,528,791,1053
2998	734,2002,2925,2979,3563,5759,6865,1554,4306,188,511,2006,4322,4929,7936
3009	297,605,1032,1040,1043,1325,1939,3101,4293,4330,4331,4332,4333,4334,66
3015	120,127,150,416,430,753,872,919,1015,1016,1138,1606,1675,1816,2384
3035	4,340,1415,241,366,561,1632,367,586,1077,3619,6466,249,316,1454
3043	97,440,1734,1742,1745,1747,2296,2325,4722,4957,7419,8237,8660,8922,110
3052	117,297,585,4000,1128,1886,1887,2336,181,186,583,986,1561,1682,2347
3058	204,208,368,387,406,523,583,693,779,1044,1158,2788,3301,3558,3589
3059	204,343,582,708,735,1554,1573,2812,3349,3808,5027,6340,6341,6729,6865
3063	295,787,1661,1662,1663,1664,1665,1666,482,899,1291,2067,3180,4866,5106
3103	3,271,367,383,521,1069,1182,3101,3486,4149,4899,6725,854,1125,1253
3104	0,69,588,645,1030,1221,2248,2346,2924,3173,3467,3790,329,330,331
3112	364,367,693,708,1472,1840,1919,4264,127,181,396,415,800,1578,1602
3125	204,378,589,721,7215,237,406,1607,1634,6090,839,957,2263,9406,1850
3128	117,119,188,209,426,608,813,859,979,1365,1679,1715,5018,1528,3692
3140	1914,2268,2372,523,583,2347,3580,5027,6266,387,800,5448,542,1704,2947
3155	3,119,311,352,359,484,495,528,561,653,1055,1059,1200,4204,4611
3164	90,181,186,188,428,627,877,878,879,586,1780,72,78,88,280
3199	940,957,2030,2923,3062,3319,4585,5003,6011,6710,7002,8730,8778,1006,1620
3207	375,380,383,401,421,428,458,693,745,778,1102,1899,2263,2611,1008
3217	119,1147,230,5136,5730,452,636,2773,6964,7100,7161,3,181,515,560
3239	12,239,241,303,318,328,339,343,479,590,1238,1303,1640,2084,3738
3260	41,117,380,551,574,939,1527,1907,175,316,428,1182,1541,1719,2825
3269	265,785,3656,5055,0,69,303,337,970,0,2591,5121,7009,9331,343
3271	111,418,1079,2478,4956,5045,6230,370,373,456,546,1127,1998,7024,205
3274	330,475,883,1032,1221,2772,2994,7467,9394,271,5891,269,2505,2509,4706
3277	167,1931,735,1140,1141,708,3244,524,1138,1562,2657,6456,653,1030,1221
3281	365,602,627,735,737,743,778,1082,1139,1388,2266,2449,2581,2655,2789
3284	720,724,1153,1497,1559,1715,2002,4824,5163,6004,582,2774,2776,3563,4216
3292	251,450,679,899,1645,1650,4019,4020,4021,4022,4023,4024,2,650,968
3293	209,438,850,957,1069,1429,1537,1600,1620,1816,2351,3314,3323,4357,5628
3294	7,84,236,373,2177,2496,3001,3002,318,653,2503,3467,3,224,612
3299	188,479,716,4524,4,119,167,593,723,1488,1519,1573,4927,4931,7024
3321	136,367,2356,3,204,861,2675,3810,4,149,364,372,619,712,860
3326	364,405,3387,3689,5359,4,1707,1872,2066,4291,4599,4716,5392,5588,6916
3329	313,316,948,1752,3624,620,900,3896,4612,5119,5905,6127,6313,6382,9017
3338	204,6447,8154,378,718,751,785,857,3775,119,186,802,1707,3322,5023
3339	187,655,683,6888,8169,162,449,654,671,691,766,859,2145,54,122
3341	182,778,2486,8192,185,2924,67,72,156,158,191,264,303,327,328
3345	204,219,800,357,773,1588,2410,2497,58,122,211,381,783,1164,1403
3369	167,1575,1809,1830,2655,3179,6826,1037,1675,3144,6638,110,992,1147,3188
3374	65,241,274,285,310,311,318,379,573,797,939,1189,1190,1211,1227
3380	117,280,428,542,611,693,735,877,1015,1662,1788,1848,2167,2264,2394
3382	582,1140,1489,2812,7543,26,70,204,726,735,4380,2,1141,4615,8883
3416	92,97,106,110,120,138,150,181,421,512,523,551,582,702,703
3429	318,1194,1297,1343,1520,2192,0,3,224,246,337,599,679,1267,4
3441	720,735,859,1153,1488,1497,1715,2002,4824,5163,4,582,705,1505,2084
3451	653,1351,3467,516,561,27,1194,1297,1520,2192,191,255,7876,1571,1663
3452	387,604,822,1559,1573,1678,2690,4013,7539,204,582,583,584,585,586
3459	4,70,113,119,209,381,418,859,3045,3108,3209,3314,3692,6822,7234
3463	373,395,406,479,772,1711,2209,2215,6346,102,181,188,209,1500,204
3471	403,553,899,1035,1359,2778,3169,7971,303,328,796,2220,60,277,567
3477	542,587,2611,119,197,387,716,766,778,3932,4900,4901,4902,367,1138
3492	95,131,407,411,428,570,612,616,717,1155,1867,2459,5744,6572,3
3501	280,1606,1829,2353,167,566,953,1496,582,737,755,1788,437,1714,5080
3506	303,328,653,708,1561,2406,2503,2557,5471,6202,6203,345,960,1872,2082
3518	0,1,2,4,5,6,162,1872,2179,2496,3002,3273,3274,247,303
3523	43,274,573,939,1360,3126,3128,3129,3131,3212,3298,4184,4191,4258,4261
3534	60,965,1669,1670,1672,1673,251,255,2069,2127,2894,3159,6471,2,3
3536	235,310,401,1143,1432,3023,3385,4176,5117,5709,6986,5564,8788,9500,9647
3560	387,3193,3194,3195,463,520,990,1914,2268,2372,2655,378,515,2005,70
3562	119,147,614,1138,1147,1922,2006,3738,4524,524,628,2655,4607,5224,7496
3563	278,380,400,438,599,602,692,720,800,898,916,930,1025,2370,7203
3564	1528,3692,378,859,2586,6577,3,370,755,854,1707,2064,4552,5384,4
3567	258,285,303,318,1227,1230,1279,46,206,251,295,377,378,380,468
3593	310,516,1297,2505,2509,3546,6649,7470,271,383,5891,303,329,4706,5581
3594	453,1667,2487,4521,120,334,366,618,735,1138,4131,7861,708,1496,1885
3608	4,1652,8356,969,2102,2103,162,864,2928,339,448,1070,1496,2084,2234
3632	26,459,535,541,543,2696,5136,5140,6959,7265,7552,8613,7078,230,268
3647	531,875,1154,2311,2410,2411,6216,443,583,708,859,1499,1517,1710,1774
3675	1500,1666,2382,5809,5810,181,188,204,418,515,527,570,627,692,737
3689	11,32,256,383,556,5787,599,1277,1449,8306,33,269,788,1197,1551
3699	2284,2330,2540,3756,3,367,378,618,838,847,1619,2187,2351,2956,3382
3716	269,653,1230,3840,3922,41,61,65,69,157,231,264,297,310,317
3728	840,1641,204,4544,58,119,137,162,208,405,523,693,697,720,1527
3734	269,358,688,1175,2499,4760,58,110,1160,124,136,207,209,222,1977
3737	3195,4570,4575,4577,5535,6074,7275,8560,582,1715,2460,4571,4574,4769,6737
3750	446,963,964,965,970,972,2102,2103,193,654,682,899,0,200,340
3766	1488,1573,2431,117,209,426,515,608,813,859,979,1715,4137,5018,7026
3773	2258,520,783,1023,1070,5096,119,181,376,773,1567,1591,2170,3051,4052
3779	303,430,700,875,1109,1163,1440,1743,1753,1882,2023,2434,2471,2564,2625
3783	294,395,2226,3494,4544,205,560,911,64,517,522,757,775,2079,3159
3788	396,520,1023,1630,5096,3,859,4,101,102,508,778,3368,0,348
3802	0,1,4,5,6,7,70,734,1779,1848,2347,3892,230,264,297
3810	4,157,285,297,688,797,961,1330,1533,2443,2777,2863,6203,246,475
3812	3,57,67,179,191,241,303,362,367,504,574,1182,1567,1961,3339
3828	180,668,769,986,990,2530,5738,6888,6889,6890,3,4,69,191,224
3830	523,703,736,2909,3775,4361,4505,7013,150,181,527,689,800,1147,8751
3837	60,186,197,387,722,724,1070,1497,1559,1870,2873,6221,66,147,780
3842	224,246,556,1347,5790,6207,3,4,15,69,156,249,252,284,303
3850	47,65,117,127,142,551,553,781,910,1158,1899,2522,3281,3394,4010
3851	269,271,317,2935,5108,6649,7470,8357,310,1297,3,162,318,383,544
3876	383,6089,6899,7911,4115,6145,3,65,119,181,365,484,495,528,556
3882	181,773,4134,4921,4686,5494,136,221,783,1006,2414,2723,5660,5936,6090
3886	582,583,708,1674,1707,204,5012,5013,5014,4131,7861,3,348,723,1139
3902	515,523,542,3756,69,387,90,150,703,901,1527,1863,2256,2276,186
3913	69,336,7915,310,1297,2505,2509,3546,6649,7470,271,383,5891,84,241
3914	303,1142,2318,3420,7355,2505,2688,69,133,287,387,2644,3799,6262,246
3915	359,829,886,69,149,865,953,2884,4017,4082,4213,232,396,562,2677
3922	2258,520,783,1023,1070,5096,515,418,1403,1575,1700,2084,119,181,376
3943	261,268,653,1129,1346,1635,1934,2509,2645,3768,3782,3790,3841,206,233
3944	4,119,146,179,181,627,735,737,1885,2275,2389,2548,138,1380,2522
3950	78,2304,2937,5023,5024,70,431,812,1071,1148,1767,2060,2414,3032,3034
3955	162,582,1563,3966,4131,69,269,339,795,2210,2924,4903,372,1267,2216
3966	65,1914,3223,206,297,370,605,1032,1325,1939,4293,4330,4331,4332,4333
3973	119,147,204,230,378,560,567,1666,1710,2005,2431,2692,3208,3932,4900
3977	2,193,650,766,969,1057,1573,1671,2634,5301,5302,5304,5305,5306,5307
3978	72,156,158,159,234,345,552,1328,1718,1928,2513,3126,3127,3128,3129
3979	99,138,172,523,627,2009,2014,2030,2039,2581,3343,4006,8269,8313,9327
3984	157,5685,1417,2786,2815,8641,43,57,192,239,251,255,283,285,296
3986	90,117,119,186,188,428,703,778,877,878,879,114,127,137,142
3991	119,436,1079,1887,1942,414,1102,1618,6527,9539,585,779,1135,1144,2022
3994	319,684,1893,2212,2219,3765,4228,344,462,1491,1493,1501,1504,1506,1507
3999	206,303,523,735,5471,6316,197,822,1630,3564,4229,5071,5214,7784,204
4013	429,775,1538,7479,254,610,934,943,5700,5703,365,404,1388,1705,1749
4014	186,395,549,689,6061,150,431,779,1006,70,98,106,117,122,137
4017	147,762,800,1102,2175,2655,5448,60,689,70,209,2333,2551,2799,4236
4060	119,953,1573,3016,387,390,583,704,708,1138,1554,1561,1683,1707,1714
4091	996,2402,7828,180,181,182,183,184,185,188,189,190,191,192,193
4111	4,222,381,383,1704,3306,54,193,2075,2682,4002,3009,4274,4275,475
4121	156,270,303,1335,3218,233,2924,4274,773,1079,1131,241,305,383,574
4122	693,1488,1885,2011,2353,6787,7050,1489,1559,1666,1687,1785,3244,4931,8602
4134	7,461,588,1127,1634,1638,3708,38,233,295,310,484,546,645,658
4136	54,303,370,413,523,627,830,844,1010,1099,1183,1369,1743,1747,1780
4150	204,707,1142,1573,1677,1780,1976,2347,2380,2774,5245,5246,5247,5248,4
4160	428,523,567,585,627,1138,2264,3525,3557,3558,106,113,117,136,186
4164	206,303,5471,6316,204,723,1138,1554,1561,1674,3567,5984,612,67,373
4165	0,94,204,241,387,1070,2356,2368,2743,3725,4448,4574,4814,5529,5559
4167	162,702,1138,6774,2168,2483,6947,582,2084,3966,119,214,1707,583,1561
4173	204,383,395,579,1069,1858,2909,3470,4029,4434,4530,5534,13,57,69
4184	8,201,233,269,273,318,337,339,344,516,599,659,951,1032,1197
4188	117,515,523,722,743,763,1147,1404,1497,2505,4914,5110,5918,2,3
4192	65,204,233,359,366,708,1750,2127,2139,2198,2349,4373,181,191,383
4195	318,328,340,347,561,679,756,1635,4275,15,73,136,148,254,264
4199	204,298,1654,1655,2,241,366,561,1632,3,347,367,756,1484,2088
4205	90,186,188,428,515,523,627,697,703,778,877,878,879,560,941
4232	586,627,1707,358,499,1634,387,149,191,796,1351,1972,3764,7579,1135
4240	618,694,2351,3623,119,1388,1715,2328,2692,2975,4008,5020,5917,6123,7939
4307	270,295,318,332,788,6893,1040,2608,3001,4055,41,42,280,552,554
4312	3,378,387,735,2498,2668,4470,7415,101,709,1467,1838,4929,5029,5532
4320	91,100,121,132,144,145,153,162,418,677,694,942,1080,1563,1674
4332	186,857,1845,2102,2103,406,728,1536,2687,2798,2900,3328,3473,3692,6363
4333	573,1436,3201,369,377,574,1131,1298,1350,2127,2166,2689,4965,5774,7324
4344	743,1138,1557,1561,4,618,1710,5833,95,153,162,418,666,712,1080
4358	4,69,156,239,297,337,561,653,1267,1315,1658,1966,1970,2190,2434
4361	1,7,588,1030,1127,1638,3708,162,910,1015,1100,1883,4059,4945,88
4364	90,181,186,188,428,627,697,877,878,879,58,211,1164,2483,4004
4369	0,231,255,1635,2223,3860,287,599,2375,2376,265,773,2486,3807,8631
4372	0,387,1781,766,5953,6291,6889,162,864,2928,4,285,348,366,375
4385	459,460,461,463,464,465,295,1197,1661,2451,2452,313,316,948,1705
4395	204,269,1330,3218,4408,4412,3,316,343,367,770,2207,3902,0,245
4410	95,168,176,3016,3184,8435,170,175,542,974,3900,7190,7979,8111,152
4422	3,4,204,337,367,568,1657,1976,7027,0,1,205,348,730,953
4427	204,583,5012,5013,5014,162,524,1562,2657,6456,4131,7861,3,723,1139
4432	523,794,1147,3046,6585,1528,3692,193,241,364,391,691,737,743,1567
4436	456,857,1691,953,1830,2209,8925,3,147,411,709,859,1753,2379,2655
4438	233,352,368,395,567,773,3282,3612,4154,5360,618,859,1567,2505,3546
4456	387,501,755,810,859,1554,3342,4322,370,406,716,762,870,929,5334
4461	1905,3590,9456,127,809,1866,2691,1845,2058,3966,7013,434,775,2455,3981
4471	395,7740,421,460,501,900,1749,2587,5455,7568,313,314,315,58,117
4484	65,450,458,899,1433,1603,2462,2633,2635,2642,2815,4023,4789,5051,5256
4519	110,316,356,360,477,481,1464,1551,1577,2449,2667,3197,3479,3561,4546
4520	428,900,1375,1607,2022,3,65,181,204,238,269,333,487,800,1449
4523	78,88,141,162,174,396,413,438,570,693,730,800,994,1080,1146
4537	337,2542,3,303,383,527,616,618,1047,1301,1559,2084,2113,4338,5008
4540	408,703,2263,6781,328,378,708,1406,1497,1546,1671,1916,1976,2011,2354
4554	119,186,723,724,1519,1554,1573,1785,4927,4931,7024,2351,2757,6855,8165
4570	0,1253,482,775,1281,72,2375,3261,149,317,2506,3546,4996,4999,6779
4581	424,431,435,560,585,2791,3112,4544,4551,6315,114,119,204,232,414
4584	27,295,653,679,883,1182,1238,1268,1277,1297,1301,1663,1776,1934,5173
4593	0,181,378,387,463,586,643,671,693,720,721,766,800,841,1080
4602	84,355,69,191,230,357,400,882,2902,4409,4411,6554,65,73,358
4611	3,4,12,69,169,205,239,257,337,348,372,516,524,556,561
4616	88,204,319,434,455,567,966,2191,303,737,387,416,582,725,735
4618	365,421,2029,3493,3705,4618,340,370,394,770,1631,2560,524,546,587
4667	583,5072,5677,304,458,1512,2084,3966,162,4779,186,1500,1554,1879,2286
4675	726,1806,3180,4830,5500,8293,8750,2562,7343,54,119,1782,2552,3797,4239
4680	343,454,635,2163,4957,0,2,5,6,7,708,3121,387,0,193
4683	341,883,1635,3029,4072,4993,5950,6141,6815,1,348,446,2069,2127,2894
4688	119,450,458,724,735,969,1047,2348,2635,3185,1137,1140,1141,1142,1561
4702	348,365,428,585,703,784,828,1074,1155,1821,1887,2790,3144,3145,3146
4704	43,242,254,266,278,328,341,352,362,484,495,517,528,567,652
4706	187,189,193,449,654,671,691,766,2145,345,1046,1582,1632,2487,4023
4726	124,136,155,185,205,219,391,684,685,1532,1536,1567,3378,7270,8177
4732	186,378,405,1805,2356,2486,2663,3650,6200,119,376,773,1567,1630,2071
4740	26,505,726,801,1030,1546,1974,2542,3663,3790,3894,4560,5491,5492,5493
4743	340,463,872,967,2714,2764,201,586,1607,3419,3493,3738,4085,4086,4087
4750	204,583,1138,5012,5013,5014,162,376,387,586,709,734,865,1139,1687
4775	285,1024,1169,1310,4190,41,255,345,377,573,961,1306,1424,1471,2121
4778	996,2263,4566,7828,65,117,254,288,296,414,421,434,438,1127,1375
4779	381,1523,1,60,433,446,773,1774,2552,3637,3736,3737,3738,1147,2913
4783	4,205,561,4308,0,54,239,269,303,339,343,347,1343,2924,3785
4785	378,1070,1573,99,119,186,524,800,864,1183,4652,5227,549,755,865
4790	204,479,708,822,1540,2055,2490,3611,4233,4322,7467,7507,7670,120,186
4792	205,357,560,117,370,401,2306,7981,3,181,484,568,1763,1780,1830
4796	3,4,499,204,378,462,948,1002,2347,2968,6445,356,1524,3910,4319
4802	204,1080,3185,6478,3,4,117,387,406,6861,119,181,376,549,773
4825	318,328,546,1514,3158,4881,1759,2064,4139,1221,1351,3467,37,317,342
4836	4,492,773,238,376,406,1574,1858,2736,3003,3770,5120,5236,5653,6072
4844	293,370,400,450,679,2635,2642,3201,3,20,205,119,167,618,8446
4905	1573,4245,4873,327,352,378,524,778,872,1040,1147,1724,1802,2120,2357
4913	40,124,241,502,1246,1266,4149,4295,317,479,573,735,961,1221,1262
4933	5,15,247,1307,2599,37,239,269,458,1281,1303,2924,7319,2,3
4942	4,859,2351,2757,6855,8165,3,1135,1546,1678,162,204,418,1582,1885
4947	241,317,327,492,618,1297,1568,1946,2136,4814,4881,0,46,251,303
4954	312,585,711,715,1403,1857,4659,7311,102,618,810,859,542,582,737
4963	186,1031,2262,2328,2394,6133,421,737,864,914,1809,3574,168,376,416
4966	535,1619,1620,1621,1623,456,506,518,5060,252,428,1497,3420,4896,77
4975	443,614,1358,1516,1517,1707,2102,2379,3509,3517,4152,4384,4524,5156,5383
4999	119,207,395,568,608,751,780,1416,1435,1459,1573,1700,2033,2371,2448
5000	254,352,607,689,720,800,1403,2878,4385,131,627,778,781,1602,1678
5004	3,238,743,1753,3578,4645,4896,4929,4932,124,136,2385,352,506,2303
5012	318,1221,1351,3467,1053,67,157,206,235,258,285,303,329,332,342
5032	7566,162,297,501,117,181,378,405,2347,3228,3691,3692,3693,3,3586
5060	11,156,205,329,367,378,499,688,792,854,855,1197,1253,1567,1808
5077	406,560,799,606,2778,3472,165,238,319,985,1361,1409,1413,2552,1780
5092	69,137,387,68,117,280,396,488,2419,2777,549,735,1138,1403,1602
5114	70,724,737,794,1756,2388,4075,5284,5538,5933,117,560,941,4,131
5121	0,4,224,378,461,2347,3,67,206,1500,3350,8536,69,136,367
5124	117,148,198,219,239,248,254,297,340,347,359,401,446,456,527
5131	3,69,191,334,1241,1483,1656,2088,2098,4147,4172,5040,5506,6225,6226
5133	295,755,794,1059,1099,2453,3493,3601,4043,4045,1143,1970,2490,2623,3594
5135	3,4,64,122,167,186,238,378,418,541,542,543,587,618,627
5155	11,12,235,491,796,799,1055,1335,1742,1926,1969,2853,3227,3336,3381
5165	186,204,361,3177,3646,5034,5575,7078,7670,378,639,2765,2766,4431,5158
5177	552,786,1677,2104,383,708,5032,8221,562,583,3052,3802,3803,3819,4212
5182	3,119,311,352,359,484,495,528,653,1030,1055,1059,1297,1659,4204
5183	2532,2722,2854,230,345,2041,2853,3689,3944,5142,6555,6556,3,162,368
5195	90,117,119,181,186,188,428,515,523,627,697,703,878,879,58
5203	65,117,125,187,193,194,297,303,396,488,531,549,668,764,1056
5204	181,340,778,824,1084,1085,1086,1087,1088,142,188,428,570,575,697
5212	43,71,73,191,961,1173,156,251,337,1330,204,378,1955,5846,162
5230	3,328,72,156,494,1030,1253,1500,1714,1961,1972,1977,2777,3261,3332
5236	4,65,501,762,817,1138,1484,1830,2097,3138,4128,4495,7573,162,6216
5240	328,372,1267,2216,2,7,2235,8675,4,247,269,5873,239,588,645
5280	182,447,720,2431,2789,4487,162,169,186,454,593,639,645,857,948
5295	773,1079,1131,224,230,297,307,378,2998,4052,4311,343,461,1638,2347
5311	544,1030,1278,1280,1281,1934,2856,952,953,4372,5001,2502,8956,329,3102
5318	773,1365,3822,8028,8325,1885,4117,4291,181,395,728,1785,1870,3727,3801
5319	110,122,150,179,295,306,308,494,499,503,570,781,1069,1600,1668
5327	3,245,262,269,273,406,528,669,757,794,799,1030,1167,1203,1221
5329	204,501,1158,1868,2657,4119,4154,4425,4745,4933,6595,122,1678,1705,1749
5345	387,405,456,859,3517,3738,4384,5352,866,1768,3659,6757,6758,7831,8187
5357	149,367,2924,69,147,348,411,479,561,770,800,863,1147,1830,2052
5360	186,824,841,1406,2434,3549,4953,4954,162,778,1923,2552,3581,5827,6774
5361	376,454,561,743,1710,181,232,431,762,800,401,560,4128,8185,8186
5363	146,286,2166,3396,3634,3931,4226,4827,3,367,483,485,2380,2663,2688
5365	90,117,119,428,515,523,627,697,703,778,877,878,879,463,520
5370	277,395,1586,2357,188,846,1909,4427,3,217,219,328,352,359,391
5375	251,341,883,3029,4072,4993,5950,6141,6815,336,633,2246,4039,8100,8215
5380	313,316,948,1767,3561,3624,122,850,1678,1749,5058,6617,8542,679,1776
5390	4,262,273,366,1050,2318,3420,27,318,328,516,1194,1221,1351,1520
5410	119,1147,188,238,424,430,627,735,743,794,808,1999,3416,3816,4932
5415	783,390,529,1138,1780,3797,119,168,181,582,1554,4217,5330,7050,117
5416	957,1150,2441,4756,4757,4758,2145,2907,5617,5618,5619,110,365,1538,3241
5436	2709,3950,5482,4,69,1564,2240,205,342,568,1030,1285,1311,1329,3364
5443	155,166,287,502,781,2187,2372,6279,102,117,438,162,689,736,1497
5448	3,69,119,394,953,2560,2815,189,251,1710,1891,4291,5942,0,206
5460	343,378,387,735,1147,2403,4,204,390,1064,1791,1797,3896,5119,5120
5479	65,3077,580,1081,237,599,1028,1058,1061,1176,1310,2850,2863,3299,5970
5499	2586,6577,3,396,2490,4447,367,395,463,6698,165,408,1896,2910,97
5504	708,1885,3244,120,532,547,570,583,1104,1138,1462,1586,1594,4775,119
5505	1705,3451,8084,206,209,370,377,403,528,1040,1043,1449,1944,4184,4544
5510	54,696,697,723,1138,1567,5196,117,254,378,2913,3164,5776,6049,3
5526	1914,3885,1539,7975,8654,117,265,603,1925,1930,2635,2895,5464,5911,6270
5567	60,162,204,1582,2468,735,1138,6537,7444,8947,3244,3,618,2752,4456
5568	97,117,2027,378,3403,7628,110,313,314,315,948,1705,1752,1767,3561
5571	485,1053,1402,4787,7331,58,117,523,574,778,910,941,944,2356,2780
5582	214,1498,2490,2505,6354,387,405,1687,3351,4087,8402,582,1554,6351,443
5596	117,119,1375,1719,2551,5378,146,149,1524,2235,3730,110,378,417,778
5602	582,708,1138,5012,5013,5014,119,162,627,773,859,1139,1497,1574,1598
5620	102,1406,6279,6781,9115,685,1704,2543,5431,6105,6107,72,395,948,1678
5624	0,224,235,261,796,883,1032,2704,2722,5171,7389,524,2406,3101,5210
5627	295,334,455,506,597,645,794,1223,1406,1732,1733,1735,1736,1738,1739
5631	4,387,508,1561,3,4230,5332,5333,5334,122,124,152,186,209,378
5657	117,122,124,3,383,579,911,2681,5514,6167,6168,106,110,548,957
5677	205,567,5602,6633,197,685,4780,743,997,5623,136,618,2052,7221,117
5679	149,193,204,618,859,1405,1619,1859,2975,4486,7383,7630,7793,0,224
5683	591,614,723,794,859,1138,1356,1908,2002,3517,3574,4286,6212,6273,7225
5713	3,57,79,149,155,241,252,303,334,367,400,460,477,511,561
5732	47,910,2028,2307,2480,3160,3571,4378,5498,65,241,524,1159,1432,1592
5751	2,5,72,149,186,337,501,528,1253,1962,2937,4000,4922,6240,191
5758	305,356,627,787,2731,2953,5099,6034,7159,8072,8227,8954,2311,2397,5934
5761	921,1421,2916,395,5433,7740,5056,5513,5514,6396,8190,4,174,179,295
5777	64,204,249,381,391,728,1398,1681,1682,1683,1684,1685,1686,1687,3
5781	43,61,65,477,487,1235,1750,2094,2095,2450,2918,3463,3749,3753,5709
5788	197,339,448,824,1496,2084,5009,8417,8711,8897,463,2467,5750,6350,370
5801	99,137,579,693,1403,1575,8540,186,570,1185,1591,1859,2566,4856,6822
5802	530,665,777,1650,4,187,328,343,446,456,642,648,770,914,1077
5820	4,289,1462,1595,1900,5623,186,1527,99,137,579,693,778,1403,1575
5826	3,4,214,1674,2490,4277,4850,6478,6523,6524,193,194,298,348,2258
5837	1707,1872,2066,2177,5392,6916,186,238,368,425,453,754,1187,2062,2063
5844	33,267,1032,1230,1257,2346,6857,2502,2509,269,303,317,516,4706,5581
5846	6367,8631,8632,125,773,3728,3149,6014,7383,9415,102,8281,9417,1403,3656
5852	3,65,69,204,387,1235,3470,4686,4899,291,297,337,504,2657,5677
5855	45,345,352,392,463,663,3167,5035,5036,113,185,778,824,1008,1070
5883	1262,1310,1316,2136,3535,3746,157,1328,3077,41,236,921,1108,1211,1421
5909	118,186,188,204,370,603,620,632,703,718,720,778,809,877,1109
5916	366,388,3831,5506,4,378,4197,4206,8287,27,318,1351,2403,3467,800
5923	204,238,479,539,387,708,865,1607,3,167,193,205,340,675,685
5926	215,841,1677,1999,3639,3900,4664,5192,6148,7037,7038,800,1140,1143,1157
5944	408,3479,5495,8449,736,1546,3760,6445,3,13,15,303,337,367,795
5990	27,193,247,261,1129,1285,1301,1343,1347,1763,2043,2346,3345,3346,3347
5997	1662,4570,4574,401,560,567,675,3578,66,182,206,482,595,5320,7286
6012	241,327,469,1061,1132,2363,4527,4528,4529,4530,4,111,119,162,205
6013	367,2688,6444,186,204,205,348,361,3177,5034,5575,7670,724,728,859
6021	65,95,99,110,119,146,162,186,303,395,437,548,616,689,691
6027	627,728,7104,9161,1428,1536,3364,6032,8628,2877,2895,3032,5429,8506,181
6033	0,1,2,4,6,7,586,627,1707,191,367,2505,2688,340,446
6036	186,523,571,720,783,1074,2470,3062,64,721,800,1830,1976,2284,2380
6072	13,56,63,318,561,1197,1229,1253,1303,2777,2795,3781,3787,4168,6207
6076	0,248,387,612,675,756,1635,1638,1938,1999,2069,2357,2479,2484,4505
6088	246,475,556,2638,2185,4124,501,2627,3435,73,270,679,855,1176,3001
6089	63,65,79,122,124,148,224,291,357,380,395,474,483,688,961
6091	387,4306,5759,2925,6172,6351,3,582,865,1138,1561,3828,7166,479,709
6093	804,3411,146,204,737,1662,1780,1816,1831,2023,2470,5265,8309,3,122
6098	26,119,188,401,529,582,583,864,1780,1830,2347,2431,3033,3309,3569
6126	0,69,352,359,583,4629,4,70,111,162,197,303,343,348,373
6129	13,15,56,63,318,329,332,561,1229,1253,1307,2777,2795,3781,3787
6151	318,653,1351,2503,3467,317,797,13,156,191,204,261,269,333,574
6161	137,387,693,743,3,197,524,790,376,855,2711,3713,3714,328,561
6162	249,1538,2299,8547,8814,8932,9198,169,978,1680,1837,1990,2039,2270,2292
6163	97,168,378,1812,1878,3479,78,1108,2752,3561,6446,7480,316,405,436
6164	426,447,583,839,857,1138,1188,2675,7595,90,117,181,188,428,697
6184	1423,1805,3914,3915,5387,5388,39,117,254,358,370,773,775,1354,1414
6186	618,859,1567,1687,2505,3546,4,378,381,1523,20,181,205,800,265
6191	1018,1019,1020,12,251,348,352,387,464,479,505,546,556,680,1128
6200	3,119,181,186,204,254,685,736,773,774,775,776,777,779,780
6221	47,162,316,368,401,560,1421,1526,1611,1713,2014,2029,2031,2036,2039
6227	3,197,387,524,3620,299,413,1606,2307,406,514,602,953,2591,122
6236	147,367,583,708,859,865,2925,7548,7549,3349,4015,5563,8684,2959,3469
6246	458,606,2560,2634,2635,4039,142,370,434,532,675,766,897,985,1001
6277	1230,1279,67,157,206,235,251,341,342,423,468,516,961,1024,1025
6286	387,460,527,373,395,406,479,358,499,1634,204,303,378,743,783
6324	1550,2611,2955,3016,3187,3669,5312,5313,5314,5315,1102,1676,1818,3579,6120
6331	241,246,599,679,1267,2627,347,862,1030,859,4118,69,1658,4273,363
6336	4,954,2082,2505,4999,3,950,4593,952,953,955,956,191,2688,258
6354	4,454,635,2163,4957,0,179,193,205,458,463,970,1064,1153,1409
6399	271,1182,3035,355,685,4662,6805,8535,4,65,230,356,359,1230,2145
6407	4,303,954,2082,2505,4999,27,57,67,117,191,194,273,277,327
6411	204,735,1138,1885,5012,5013,5014,1562,3458,387,562,7966,8440,1142,1781
6438	4,187,194,298,655,683,2077,3014,5305,7757,2,303,670,764,2087
6442	137,162,515,736,1950,2541,6013,78,117,122,204,396,418,571,697
6485	2027,3985,5397,59,125,230,357,549,550,619,781,827,831,1006,1165
6504	12,15,70,191,303,318,378,714,788,796,1241,1297,1310,1343,1660
6508	4,191,209,230,291,303,352,359,1055,2104,3728,4203,0,3,223
6514	149,367,859,953,4372,7949,4,224,328,348,479,3272,5,343,378
6521	1197,1661,1767,2452,70,186,4322,8770,181,1267,2431,1496,1780,2336,2347
6524	188,209,3193,3194,3195,197,524,790,3620,337,773,1635,4083,4534,720
6527	6,26,27,269,645,1033,1221,1227,1234,1238,2088,2346,3069,3538,3767
6528	162,204,612,2490,1143,3646,8212,8664,726,1138,2962,4848,7228,582,583
6547	463,523,587,904,986,1138,1413,1806,3419,7920,88,106,113,119,137
6548	1715,2551,3178,3351,8607,380,515,523,2523,181,205,359,627,1809,4896
6555	4,70,119,179,204,209,297,377,396,441,455,459,479,743,762
6566	3,2505,2688,0,499,7976,78,378,413,431,872,877,978,1154,1758
6575	4,7,40,204,236,285,518,642,886,961,1055,1176,1212,1246,1298
6576	94,607,3561,4321,6217,7589,614,1469,2941,147,410,411,418,1075,1563
6609	41,43,206,283,369,370,380,394,400,493,599,605,873,911,916
6622	582,704,708,865,1147,1519,2403,3244,3350,3351,3563,3696,4894,5008,5759
6623	2,505,3,387,70,78,241,246,383,684,6679,7127,204,328,703
6635	1768,2558,2559,50,291,1436,3201,43,73,278,524,1752,1765,4296,8531
6639	3,284,829,1121,3364,3382,3715,3716,3717,3718,3719,3720,157,961,1350
6650	3082,3467,311,479,735,961,1262,1266,2678,4193,295,305,358,461,574
6668	47,58,65,110,117,129,137,150,185,401,429,523,548,551,573
6684	2223,3860,341,347,352,383,461,662,1000,1267,1279,1291,1636,1935,295
6688	204,348,618,709,2913,188,549,865,3629,6351,6855,8262,3,186,720
6696	194,298,344,1264,1405,1615,1626,1668,2104,2115,2120,2131,2154,2362,3127
6712	517,1426,3035,344,1303,2672,6725,1293,1310,3082,5435,5436,5437,191,252
6716	395,406,479,188,378,396,618,807,865,1554,1630,2877,8363,2707,4244
6718	245,1230,3923,43,65,1317,1716,4208,69,86,133,1297,2138,2808,3365
6748	3507,4171,5588,1147,1591,2087,2818,3574,7538,147,409,1618,2347,4599,149
6753	4,138,238,418,434,474,687,2522,2993,5729,8270,9069,131,191,254
6754	367,2505,2688,269,328,334,337,1030,2218,3201,4,69,78,207,2104
6760	129,1403,2921,3352,3353,3354,3355,3356,3357,13,15,43,63,406,1716
6768	204,326,1489,2449,5049,839,4468,7024,125,437,715,908,1810,1907,3876
6770	0,2,3,5,6,708,3121,205,561,4308,4601,990,1070,1135,1546
6817	0,7,13,32,251,271,284,303,375,456,491,556,645,788,1053
6838	516,1129,1301,2196,2509,2935,5108,5187,5818,69,1253,3814,232,233,4086
6839	110,524,568,685,1678,1700,3234,5412,6780,8902,97,2027,1602,1654,1997
6852	63,69,303,1030,1270,337,2799,3335,233,484,495,3785,5195,5200,8294
6860	352,359,2235,4549,224,343,378,461,1638,2347,7,205,4308,4601,3
6861	502,560,1135,1497,1546,3617,3618,161,368,500,1008,1296,1439,1464,1654
6867	4,343,443,614,708,824,859,1487,1489,1490,1491,1492,1493,1494,1495
6872	41,872,1398,2251,391,762,4754,4755,79,237,406,1634,3139,6090,146
6926	3,2322,62,69,124,191,252,720,1536,1690,2410,6009,6204,254,757
6943	147,162,1743,5028,5724,7183,865,1606,1715,1976,5138,443,859,953,1489
6962	11,33,34,224,1243,4175,4198,4759,215,329,516,683,1301,2346,2800
6994	11,52,57,63,67,191,224,383,556,1034,1253,1281,1288,1449,4402
6999	117,3400,5145,1427,1442,1448,3353,3992,7351,110,175,271,941,1182,1541
7000	127,704,1714,1866,689,1668,2752,570,778,2522,3623,6678,187,407,919
7005	271,273,308,1055,1061,5108,25,224,246,255,284,329,342,437,961
7013	70,7123,7670,8918,387,703,859,953,2657,3586,4173,4174,204,378,523
7021	313,314,315,39,921,1421,2916,88,204,319,370,455,567,800,966
7034	3,27,191,224,247,273,318,329,339,345,366,400,495,556,653
7040	1075,1080,2002,4290,5087,709,3760,4118,204,6004,188,387,1500,3171,7160
7052	65,110,119,172,175,311,316,401,418,434,435,477,524,532,574
7090	348,387,405,724,859,3517,3738,4384,5352,328,1785,1872,1916,2281,3071
7119	265,311,383,1040,1043,1302,1343,2809,3101,3986,3991,4402,5185,65,1914
7132	204,337,343,367,2427,3185,3776,1,2,4,205,348,505,730,1963
7150	119,181,428,523,627,703,877,878,879,3,113,859,1567,1925,3644
7151	401,406,557,558,559,601,911,1359,1360,1361,204,414,561,738,205
7152	409,411,859,147,204,387,582,953,2757,2925,3966,4574,4599,6340,7712
7172	1550,2636,348,612,2490,1785,2483,3023,3068,5983,6376,582,859,1139,2967
7186	71,73,227,270,599,855,1176,41,251,296,450,530,552,553,883
7193	147,477,1659,2678,8847,179,352,511,762,2303,8171,8531,119,378,401
7197	137,778,865,941,1595,4740,3,191,378,504,1147,2913,58,204,297
7199	93,183,184,187,236,796,961,986,1023,1104,1153,1405,1668,2265,2435
7203	70,179,191,224,234,235,245,264,327,337,367,383,423,528,688
7204	224,475,375,552,601,900,5539,66,71,73,227,271,295,418,530
7215	377,501,574,1127,2,4,65,157,230,236,251,254,258,283,295
7224	3,303,1707,190,411,463,4923,365,1138,3900,151,618,830,988,5809
7242	4,119,401,506,549,1915,1999,2497,3067,5961,204,298,1654,1655,1707
7247	98,1403,1830,2739,3758,8888,280,570,775,4544,1462,1666,1886,2060,2540
7256	561,611,692,784,1151,571,859,952,4087,8916,3,72,149,367,383
7271	268,318,354,653,1030,1205,1221,1244,1246,1292,1293,1351,2228,2242,2488
7273	25,337,1250,1347,3818,4530,4538,8173,8287,8840,0,8,10,11,12
7280	344,1567,1763,3158,110,921,1421,2916,638,712,1298,2463,283,296,1750
7315	1780,5331,6498,556,1189,1497,1890,618,1701,2788,2993,449,463,1158,5160
7329	367,2505,511,4683,7128,269,334,337,1030,2218,3201,2,2186,7258,4
7391	0,337,970,2947,204,460,639,1581,1830,2005,78,191,209,348,367
7393	709,2286,2431,3426,3760,303,737,124,188,570,743,1010,1151,1919,618
7443	278,377,661,770,4028,5021,0,27,233,235,317,320,328,516,653
7445	191,2505,2688,186,328,1763,1782,5610,6141,8549,269,334,337,1030,2218
7446	97,142,280,585,616,710,800,957,1138,1606,1607,1666,1749,1885,1918
7458	3,162,378,406,2687,7388,149,186,204,238,367,724,735,743,1577
7461	606,895,966,2560,2635,4039,4,66,167,206,543,1410,1561,1945,3014
7482	194,2104,2895,4590,5532,5533,8764,8765,0,387,1547,1805,3692,5273,37
7495	167,395,542,618,709,737,780,802,810,1142,1500,1554,1573,1575,1738
7506	97,117,150,162,418,429,1138,1541,1619,2257,2551,9610,524,602,1002
7537	88,150,4097,5274,5819,58,110,685,940,1887,3954,526,691,743,841
7549	289,1138,1719,2522,2824,421,702,1015,1100,1883,4059,97,147,416,438
7559	188,387,709,7915,8285,728,1561,119,1845,1918,2991,3760,2925,3800,3806
7562	3,367,764,769,800,1070,1573,3201,3816,448,660,979,1200,3091,9393
7579	800,1600,39,112,4059,6746,8860,52,65,301,902,910,961,1521,1534
7591	205,3512,3887,7566,4,179,181,587,702,735,1885,2275,2389,2548,186
7614	1635,4083,4534,269,303,328,383,2218,3201,2027,3151,8529,4,13,15
7629	582,1561,4131,7861,119,523,583,586,703,762,1554,1557,1754,1785,1806
7631	88,149,151,201,289,291,413,421,454,827,995,1010,2328,693,6899
7634	4,179,191,205,255,271,303,347,383,556,561,882,1127,2734,3082
7636	316,387,941,3460,7575,3,27,191,295,366,380,542,1075,1654,1884
7639	147,440,582,1753,2240,2655,2798,4617,4780,7123,7602,511,1073,1074,1075
7660	204,367,409,1138,1413,1564,4662,188,378,396,807,822,865,1554,1630
7677	582,735,1561,1781,4901,5661,3,167,406,677,755,1573,3730,3731,117
7684	523,566,616,5622,243,1687,1921,4913,5991,6549,428,515,542,697,3756
7688	119,204,1406,1829,3243,127,430,186,387,1870,3564,828,1154,117,611
7697	3,66,117,191,1147,2913,2,463,859,1505,316,3403,7628,315,1160
7701	188,805,2263,2877,6872,9353,9454,186,428,627,1918,4151,4659,6103,6540
7703	181,188,583,584,585,586,117,205,854,2418,2486,2964,2965,378,387
7712	1914,2268,2372,2655,1497,2389,4656,7444,8193,616,1678,1756,1908,5800,3
7715	3,191,2505,2688,4,204,348,2064,2675,0,69,337,970,0,499
7722	348,2545,7848,8150,523,1561,612,2490,1116,1986,2136,1550,2636,460,4780
7727	328,3630,188,378,501,697,1559,1832,1866,1867,1868,1869,1870,1871,1872
7730	190,463,4923,4929,162,2634,3666,95,97,1550,2170,9286,204,410,735
7746	4,708,2427,2490,2496,3327,3328,3329,3330,3331,709,3760,4118,119,378
7748	3,735,807,1263,1634,1658,1674,2218,3003,3254,4645,7763,249,568,608
7770	3,586,627,204,269,387,854,1030,1311,1423,1439,1464,2064,2488,2499
7772	392,4341,4644,1914,2005,4896,204,536,541,543,1715,5588,5876,6765,378
7776	547,548,549,550,90,119,181,188,515,523,627,697,703,778,877
7783	208,1628,1629,387,204,381,1523,0,117,193,214,232,367,391,405
7790	60,119,523,583,612,627,703,708,1137,1140,1545,1546,1547,1548,1549
7796	437,753,2752,131,3314,5997,735,1038,8466,572,693,1472,3285,6574,6575
7803	2249,1234,1238,2060,3606,883,1635,3029,4072,4993,5950,6141,6815,3,528
7813	222,428,458,460,502,689,1690,2634,3325,5449,8931,70,387,411,422
7830	128,316,1534,1538,2472,3275,5432,7695,136,250,378,596,618,724,863
7833	378,406,4052,7808,693,6899,27,41,3833,39,64,205,297,317,383
7847	162,378,859,1488,1554,1674,1785,2796,2798,2995,3243,4250,5333,5461,724
7851	4,117,181,188,230,265,428,784,960,1527,1586,1879,2310,2417,2918
7853	453,1353,1354,1356,1357,1358,90,3268,3900,828,1388,2311,3394,4231,6596
7854	149,186,238,367,368,422,1577,2449,2752,5588,5589,1501,1709,2967,5163
7857	90,117,181,188,515,697,778,878,879,54,146,449,585,637,689
7875	230,5136,5730,204,357,413,461,872,877,978,1154,1758,2913,315,1160
7878	0,119,181,188,348,360,582,587,735,737,800,858,859,860,861
7879	378,2913,205,1636,479,1079,1546,1559,2248,418,800,841,2812,506,524
7906	236,255,1253,1301,5158,406,582,859,952,953,1138,4216,4997,5808,3
7936	169,295,336,770,966,99,392,409,1138,1606,3327,119,691,900,924
7940	518,1554,1916,3574,4023,6094,7314,227,228,328,352,560,770,886,1950
7941	2336,4438,4955,4956,4957,4,295,387,401,454,560,618,789,1099,3278
7949	365,1015,1914,3063,3968,214,305,395,1074,1155,1575,2414,2427,2790,2937
7966	97,2027,58,110,1160,227,380,607,1038,1153,1731,2029,2357,2560,3561
7968	804,3411,97,414,1837,2039,4453,4605,5917,6124,6995,7588,7885,858,1147
7973	328,1194,1343,1520,2192,84,241,268,269,317,321,333,1238,1265,2228
7974	3,378,859,1406,2706,387,2055,295,4245,4873,639,1147,458,459,1652
8007	2,4,39,99,106,280,395,585,773,908,1763,1833,1931,2023,2431
8012	443,2554,9496,406,582,859,952,953,1138,4216,4997,5808,3,1199,2104
8018	693,6899,69,181,395,406,413,618,721,800,829,1607,2284,2311,2410
8026	117,119,526,691,147,387,612,1918,204,411,778,916,542,735,1109
8030	13,57,156,233,303,1253,1658,1936,2318,4530,72,124,136,295,367
8043	825,1976,2378,2379,2381,2382,2383,3,4,26,249,359,373,378,387
8050	990,3184,3413,5810,9196,119,186,204,524,743,800,864,1183,5227,181
8068	181,298,328,3224,5190,5507,7239,8869,8945,9298,2762,6614,7683,9600,208
8078	79,288,409,954,960,1657,1799,2508,2752,2777,2798,6371,6733,8270,9447
8081	224,272,273,1030,1167,2206,2220,4620,6923,7843,239,303,1343,3546,271
8090	285,318,1055,1227,1230,1279,67,191,522,1314,1958,241,254,383,400
8091	77,222,316,910,944,1099,1536,1595,1605,2060,2309,2777,2804,3379,3719
8094	3,4,64,162,193,214,348,373,387,410,418,460,479,562,582
8144	3,4,69,79,124,136,149,205,219,226,246,297,303,328,343
8151	1954,3511,5293,5377,95,411,737,794,1680,1805,1809,1908,2468,2635,3519
8172	117,696,782,1151,7011,9603,186,580,779,1704,2264,3319,370,565,638
8179	110,117,122,137,150,179,306,308,503,570,697,781,1069,1402,1600
8180	693,6899,456,461,607,857,1030,1607,2380,4615,3,4,254,284,307
8181	618,859,147,387,733,815,860,863,1563,1662,1666,2255,2423,2877,3261
8190	119,120,179,181,186,297,524,627,699,714,718,721,737,743,778
8211	127,186,204,209,210,378,488,523,531,690,778,779,784,804,1006
8214	3,230,829,886,2486,3919,4463,1480,1586,2098,501,712,800,1462,1666
8218	117,204,515,2234,2485,2696,2824,2895,3328,4117,5090,6428,6967,1882,2467
8250	1756,4916,7969,979,1573,1914,206,383,4444,447,720,1954,3591,5256,6453
8252	1674,1683,2357,5956,6572,4,131,150,165,407,408,409,410,411,412
8255	3,303,586,1707,312,703,1620,1626,2910,119,413,430,804,3411,78
8269	2284,383,2540,2788,186,2268,2372,2655,146,204,689,1142,1884,1931,3737
8272	261,269,1343,1653,2241,2722,1351,2503,3467,2,27,692,1631,2500,2560
8306	582,735,755,859,2980,4645,4929,6537,6939,3892,4245,5365,186,387,5441
8314	193,378,1008,1147,1497,186,463,2467,6350,3,101,197,343,387,967
8321	117,206,254,348,352,359,375,383,599,773,1024,1148,1662,2545,2638
8362	191,1564,2449,3950,6363,1801,5013,193,1070,1709,2506,7291,618,859,378
8365	4916,7969,8080,383,394,421,453,611,1996,2426,4008,73,524,39,278
8379	162,4779,186,709,3760,2960,2962,2963,735,877,5855,458,1781,2969,318
8391	743,941,1153,5645,7517,294,295,422,1099,5099,5451,119,185,186,697
8400	387,734,2658,2876,4015,117,912,2410,4364,736,6015,7198,8194,800,3875
8406	222,289,549,550,570,579,890,1006,1104,1376,1600,1602,2145,2837,3051
8455	162,238,1551,2374,4932,7947,181,293,395,762,1388,2303,3343,110,280
8460	372,3966,5008,5190,5759,6327,7034,7214,7692,1,119,387,396,607,735
8471	1914,2268,2372,2655,70,693,1575,1809,1830,3179,6826,566,953,1496,181
8484	5557,8082,8575,4206,5292,7982,7983,2411,2486,4197,9346,800,3546,5210,5678
8485	492,1135,2098,352,359,1131,147,181,197,227,365,370,586,590,691
8503	505,9195,41,186,206,297,599,1059,1705,2327,2434,3260,3321,3572,5957
8504	209,337,406,574,653,735,961,1075,1158,1343,1500,1780,1858,2609,3473
8513	4456,78,147,181,186,277,280,363,365,415,431,523,585,743,744
8519	150,167,205,378,421,430,439,595,639,699,724,748,750,752,760
8542	566,953,1496,582,737,755,805,975,4229,693,696,778,784,303,328
8551	386,779,1576,1806,2263,2402,2611,4209,99,181,428,567,703,800,1138
8554	3,27,65,271,367,383,521,1069,1182,3101,3486,6725,329,2505,4293
8578	3,11,162,204,387,460,586,597,708,730,763,948,990,1139,1573
8585	120,146,181,277,5698,7020,7307,8611,204,957,5645,5810,975,1391,2257
8591	195,895,1413,2253,6904,54,119,127,138,181,186,187,428,523,585
8597	78,1575,1812,5023,5024,743,1574,3309,3640,113,571,997,2234,5571,9124
8598	236,258,285,317,352,891,953,1055,1200,1298,1310,1317,3789,4148,7045
8633	91,106,627,783,1403,2356,2387,3066,119,428,567,585,779,800,1138
8657	1850,7112,146,1139,1943,2011,2257,3117,3510,3515,5444,5879,99,181,312
8663	735,865,1138,1511,1573,2541,2665,3027,3204,3295,3344,3563,3666,3830,5167
8693	4,1516,3210,3211,458,607,642,654,735,965,970,2640,3350,6104,1710
8699	3,188,396,618,807,865,1630,2877,8363,390,1064,1147,1791,1797,3896
8700	188,253,2764,5651,252,387,941,2947,3460,7575,770,1844,2240,4,197
8701	400,679,898,2632,4124,188,383,4444,416,523,703,1102,1558,1582,2615
8702	238,952,2505,2507,4181,4369,7173,1128,2431,2453,7317,293,316,401,413
8709	702,1885,778,1923,2552,3581,5827,7067,865,1545,1550,1879,2687,2867,2872
8749	179,291,297,3491,119,3442,4467,6103,616,707,1147,7224,618,1532,1879
8765	3,54,222,391,783,1382,1573,2591,2947,4875,5488,5786,6482,7014,8423
8767	181,197,1139,1497,2490,2812,3349,3350,3351,378,523,728,1607,1682,583
8780	110,204,316,365,525,1115,1500,1538,1734,1996,2046,2822,2944,3495,4652
8796	689,864,2928,117,119,120,179,181,205,210,297,523,524,627,699
8810	762,929,1540,1768,2823,6571,163,295,316,363,370,428,435,438,610
8838	66,117,191,504,2913,119,204,515,1500,2005,4,328,359,367,755
8858	1663,2638,2735,4253,5249,117,179,370,515,681,691,770,911,1662,1666
8870	119,523,1675,6239,8309,9137,137,150,527,800,1147,8751,88,191,204
8878	3760,4118,363,755,953,1554,98,1047,1567,2002,3738,7472,8922,479,1855
8894	367,2505,2688,328,511,4683,7128,378,1601,3261,3279,4745,5742,5761,6279
8896	179,303,2122,2199,2400,7247,93,184,187,236,463,796,961,986,990
8920	230,431,5136,5730,688,799,1406,6780,204,2638,2663,2769,2798,3191,3223
8923	391,627,1879,2084,2152,2427,3692,4666,4667,4668,4,214,3738,4503,4713
8935	7,84,236,373,383,2177,2496,3001,3002,318,1189,1293,1310,3082,3467
8938	3,70,395,502,557,703,864,1679,2005,2380,2706,2723,2898,2975,3561
8941	316,783,1006,2281,2513,8007,119,205,743,778,2179,2439,4601,3,127
8950	152,418,855,1695,2023,2655,2819,3190,3191,3192,270,544,556,1009,1053
8952	428,957,1676,2187,4288,204,352,1662,2611,8448,1153,2328,5645,7517,117
8961	127,809,1866,122,136,182,186,387,391,524,618,730,733,743,826
8987	378,1070,1573,135,428,4544,181,367,395,1139,1779,2925,5575,6864,6865
8994	3,359,2722,4534,1077,1659,3419,162,2562,7343,5,343,586,627,1707
8997	4,69,191,245,318,328,337,359,378,396,574,859,953,1630,3082
9011	187,4656,7787,1497,2258,2892,5121,7524,278,445,524,3590,66,446,458
9012	127,463,602,693,1645,1754,2247,2815,2978,3021,181,605,611,721,800
9018	463,2427,119,724,735,969,1139,2348,3185,5847,1781,2969,654,665,679
9019	113,438,743,1403,1741,2390,2692,7803,137,186,580,627,1704,2264,3319
9026	204,337,343,367,953,2427,3185,3776,69,149,347,387,2884,4017,4082
9039	3,4,102,119,120,139,146,182,186,191,217,396,523,548,549
9047	2081,3172,4245,4246,4247,4248,186,187,194,204,409,458,1004,1070,1138
9075	328,3193,4018,69,191,333,583,1488,2505,3819,5029,12,247,1223,1224
9084	223,720,877,912,2015,2466,2522,2825,5118,5734,693,1391,1554,2780,4873
9092	3,378,438,526,1767,2591,2769,5473,6404,7480,701,838,1074,2018,2185
9117	186,697,728,736,1010,1579,2263,4111,5715,5826,8921,9366,88,97,110
9126	359,829,886,235,245,262,269,273,303,406,528,669,757,799,1167
9139	58,150,181,5721,95,97,119,821,1102,1188,3016,3344,3567,7754,619
9143	254,265,397,586,2431,106,1200,156,1281,4,204,8832,149,378,684
9153	500,2027,3151,8529,458,966,2468,2635,136,381,2723,788,2704,4271,2
9160	3,284,383,574,775,110,254,440,524,1600,3980,6704,316,374,609
9170	162,743,1549,4115,702,6774,117,119,181,280,582,627,720,735,736
9179	3,204,4,1406,2706,2740,1505,1500,1533,405,1618,1999,2084,3205,7531
9181	181,411,713,6280,204,720,1497,2692,97,119,693,1541,1715,1806,2470
9184	201,406,3224,2070,3511,4140,4240,6003,7574,8810,1,328,506,953,1135
9191	194,328,334,655,2151,2196,3158,4823,6140,7088,7408,326,352,359,4171
9194	179,219,2045,755,794,1059,2453,3493,3601,4043,4044,4045,176,3900,73
9197	88,106,146,181,265,293,316,524,550,571,579,607,611,697,902
9206	582,953,1667,2487,4521,328,976,5582,5583,186,1879,2351,3190,5313,425
9209	607,2483,2617,3722,4505,6642,1030,1354,1358,4240,7211,179,205,434,463
9210	110,316,599,285,1009,1055,1189,1293,1310,3214,3922,7327,39,179,265
9211	90,117,119,181,188,515,703,878,879,150,407,524,587,700,957
9222	127,142,146,181,182,210,438,627,710,720,721,736,779,800,957
9224	456,735,1785,1872,1916,3071,117,316,359,401,560,1006,1752,2513,8007
9240	431,440,641,762,1912,4551,468,582,1138,2661,3810,305,378,511,709
9241	147,204,367,378,387,865,7548,7549,119,188,735,762,1550,1832,3808
9262	693,696,1788,280,1606,2353,585,1707,2913,117,137,428,697,3756,3
9292	387,133,204,367,373,460,799,1030,1707,2081,2084,2372,3473,4524,5548
9302	157,158,159,343,1197,5334,13,27,39,235,251,272,273,318,334
9316	181,370,416,721,725,800,2353,3271,3272,877,5855,4,372,479,639
9328	395,2841,3319,4167,4780,54,117,238,515,524,743,1500,2535,6027,8250
9329	3,204,406,6861,214,3738,4503,4713,7,328,4308,4601,3569,3983,5749
9342	147,560,1547,2490,4284,5588,6510,110,238,356,392,778,1662,2486,2920
9355	0,3178,3566,3573,5722,5723,5724,5725,2355,2948,6729,1140,3461,6759,7213
9357	181,191,206,239,241,364,574,675,721,724,794,2104,4567,5032,6788
9361	2,4,7,31,156,318,343,344,367,463,482,528,540,552,556
9366	1496,3585,3676,4317,8995,203,293,3728,3852,4844,6198,6737,7237,8601,380
9368	4469,2,4,186,348,367,406,1564,1715,1976,2005,3272,4455,5867,8469
9411	3,4,117,186,318,406,418,463,689,1662,1704,3328,3549,6405,204
9419	119,181,186,188,778,877,878,879,542,3756,901,1527,1863,2256,2276
9427	185,775,2427,4135,2924,406,479,2,337,505,1657,1976,7027,471,841
9444	97,147,1080,1563,2481,4565,418,1038,2824,2895,3023,4119,4466,5269,5404
9469	138,150,378,1602,2457,3873,3874,206,679,898,2632,4124,95,119,169
9470	362,380,679,811,1914,5249,515,4336,5179,8287,186,209,236,503,556
9485	4,69,378,390,406,1189,3479,4317,1707,3069,7697,3,800,5144,0
9488	492,1135,2098,1,3,60,186,197,204,378,381,433,1774,2552,3637
9505	1128,1957,2561,206,285,362,377,501,5106,27,309,1279,1310,65,482
9516	4,1516,3210,3211,1554,6004,1710,2490,3,147,367,378,387,582,708
9517	54,778,1462,1671,205,376,387,523,859,1567,1791,3617,5140,8052,128
9530	233,560,1780,1,111,179,204,254,352,735,1547,2940,3730,4912,6216
9535	618,1073,1074,1076,99,181,413,515,567,697,877,2371,2402,6609,6893
9553	387,511,865,191,269,334,337,1030,2218,3201,561,685,4404,4540,71
9561	1606,1819,523,1336,1915,0,119,204,348,360,387,582,587,735,800
9567	99,359,926,938,1607,1825,2269,2657,3276,3334,4644,5380,5381,567,3601
9592	119,1147,3,367,441,709,1497,2005,3185,6315,193,1070,1938,2545,3506
9594	149,471,568,219,567,800,39,46,117,119,265,468,773,1558,2363
9595	857,1640,2248,4013,204,859,1147,1687,3564,3,698,725,3267,3761,4914
9603	238,1149,2648,2649,2650,2651,2652,0,224,328,378,1638,2347,124,395
9614	181,186,583,800,990,1561,1682,5002,1864,2471,5496,162,187,189,193
9615	119,230,515,524,800,1138,1707,1806,1809,5218,0,4,193,205,458
9632	556,599,2638,270,271,1009,1053,1182,1241,1329,3385,3386,3387,3388,3389
9643	4,147,162,201,406,735,1547,1998,2541,3517,4131,4523,5894,1267,5316
9646	445,671,1057,1404,2072,2552,2635,8960,3,149,303,1561,3569,3984,4753
9661	606,895,966,2560,2635,4039,2,193,650,766,1573,1671,5301,5302,5303
9669	775,1527,370,770,1946,3135,1070,1546,1938,2545,3506,60,501,2263,2768
9673	317,328,366,516,2866,6624,9413,703,708,859,953,2657,3586,4173,4174
9682	120,736,7198,8194,117,137,186,280,316,704,743,805,941,981,1406
9688	4,219,249,1500,1528,1701,2427,9649,182,368,437,567,616,627,750
9691	128,175,1534,3275,5432,7695,610,1910,2336,2417,5058,6054,6756,401,981
9693	560,753,976,1680,2015,2752,4003,2284,4437,6592,392,409,524,1138,1606
9704	1402,1680,1766,2046,2627,3512,4155,5478,5598,6571,6752,7257,9203,9624,9629
9709	306,1484,133,149,191,328,459,1931,3322,7847,205,764,769,1512,2210
9713	1006,1521,1719,4000,65,110,921,2916,124,359,584,889,1536,1803,2162
9723	224,686,687,69,251,329,342,383,499,1059,2541,2638,3120,9,583
9726	117,181,186,418,431,689,800,877,975,1388,1576,2351,2611,2655,3985
9728	280,437,585,715,908,1810,3876,3877,3878,3879,113,149,376,800,1586
9743	4,405,566,2347,3228,3691,3693,461,557,607,857,1030,1607,4615,39
9753	188,1554,1848,1559,6258,119,523,571,720,783,2470,3062,1704,2947,3208
9756	3,204,232,367,378,387,405,406,728,1142,1398,1561,1567,1808,2798
9771	60,117,162,188,204,428,523,545,585,611,618,693,696,703,709
9782	231,236,317,2363,5371,5680,37,159,235,245,329,331,2453,1189,1310
9788	1095,1917,2684,5428,8256,9383,110,1600,3904,9330,9404,249,378,460,574
9797	248,328,340,459,517,552,662,671,674,679,898,899,971,1030,1058
9800	125,939,2314,2315,54,205,395,773,1458,2083,5838,146,583,586,1780
9810	3,186,378,418,439,515,571,1155,1163,2655,3526,7807,92,131,2434
9815	204,859,1554,511,618,1073,1075,1076,582,1139,1489,2348,2812,7543,1141
9822	2060,3363,70,241,574,684,6679,7127,0,7574,8487,69,191,209,348
9833	185,2924,0,3,69,94,241,796,1070,2356,2368,2743,3725,4448,4574
9852	376,847,1522,1575,1693,2867,3257,3371,4281,8936,728,5485,7760,367,3612
9861	188,584,585,586,708,735,1138,1561,5012,5013,5014,387,549,691,800
9877	251,891,1182,1663,4024,4124,204,206,231,255,271,383,522,561,671
9885	39,1500,3196,106,120,146,280,293,316,438,550,781,879,1165,1527
9904	188,607,627,906,957,1678,1701,2982,4228,254,316,352,689,1403,2254
9928	1914,2268,2372,2655,431,700,828,1081,1158,1701,3394,5599,387,728,1500
9930	236,2411,4,162,449,527,1138,2249,3,57,67,193,255,256,303
9933	253,2764,5651,4,211,858,1138,3261,205,338,348,1137,1563,1790,1794
9939	43,264,282,285,289,305,362,399,403,827,830,842,1033,1062,1150
9941	162,186,222,458,460,502,632,689,992,1047,2169,2634,3325,5449,8931
9952	95,99,110,418,438,3579,4132,4581,4800,5364,5565,5566,88,117,289
9981	71,306,483,3348,4289,4906,162,356,1524,236,790,1258,1969,2101,3087
10008	0,582,859,1573,1666,2610,424,450,1633,3572,6153,209,282,1406,2564
10009	146,2515,3875,743,1549,1885,4115,1561,6216,702,6774,58,118,119,135
10014	303,2688,1658,4273,342,387,504,1030,1617,2403,3810,4932,269,333,583
10015	101,378,523,527,1662,1666,2564,2591,2763,8057,175,632,720,1090,1104
10017	46,142,523,704,1155,1163,1386,1413,1430,1563,1600,1714,1861,2351,2463
10023	428,627,920,1547,1666,1923,515,3692,387,708,859,865,953,3586,4173
10025	41,47,65,1584,1902,162,175,401,436,438,523,839,910,1899,2003
10053	181,416,458,616,679,1139,1602,1633,1643,1662,1883,1902,2257,3184,3563
10067	33,342,1791,2452,3858,5539,5540,204,536,541,543,607,2435,5588,5876
10075	269,795,796,2210,2924,4903,3,337,970,2947,372,3220,235,255,271
10077	208,549,1628,1629,1630,586,892,3997,5856,4,387,3569,3983,5749,421
10079	238,808,1500,1701,3272,4147,4727,6685,595,635,2100,2437,2789,4565,7248
10105	370,387,416,721,725,735,2353,3271,3272,4,119,182,426,440,523
10150	3005,3737,582,859,1139,2774,2776,3586,4216,5028,5084,7067,7068,7069,4
10165	773,1872,2498,518,1128,2431,2453,7317,66,156,271,365,524,542,599
10166	90,186,515,627,877,878,879,582,584,585,1549,1885,4115,45,58
10173	1142,4306,5759,249,373,583,1561,1839,1870,1885,3244,5575,5577,5662,8968
10177	15,41,65,157,235,239,256,258,273,282,285,472,884,885,887
10181	15,16,46,72,73,88,99,106,122,125,138,139,150,191,219
10191	3,411,709,1715,1753,2379,2655,3509,4663,4664,4665,591,724,2622,119
10213	86,354,429,775,839,1108,1524,1576,1782,1814,1815,2406,2585,2721,2729
10219	859,1505,1555,2706,2740,3256,4117,249,1926,4351,4352,4353,119,204,1147
10232	372,463,756,1648,0,3,147,149,186,361,367,449,538,582,675
10235	97,431,439,542,1578,1753,1920,2419,3240,3633,7588,147,428,623,693
10243	406,6184,9114,186,204,501,2263,2768,4011,182,532,1433,2527,2548,5051
10244	461,561,724,735,4,387,953,1489,348,405,859,3517,4384,5352,450
10249	4,186,193,194,204,1004,1070,1147,1398,1497,3014,3071,1738,1743,167
10252	70,156,1069,1469,2150,2791,3340,3554,3555,3556,39,78,117,150,349
10258	313,316,948,1705,3624,86,149,191,217,222,252,544,687,1049,1067
10260	709,3760,4118,340,394,401,1631,2560,2077,3517,3810,524,941,2130,188
10265	3,1554,6004,1,343,387,826,1931,2364,6302,194,298,348,2258,2561
10266	387,734,735,861,1573,4322,4329,1686,1885,3208,5007,7614,8344,708,1143
10276	102,186,193,378,387,527,618,627,1567,2431,3578,6960,127,179,583
10279	370,1540,1542,1543,1544,73,280,523,532,560,587,702,913,1526,1899
10285	204,372,387,658,758,1223,1735,1870,1936,2068,2760,306,486,524,794
10294	236,285,296,556,758,880,883,958,1027,1077,1128,1633,2338,2339,2340
10298	3,367,381,204,957,5645,5810,124,467,6023,39,252,295,400,606
10309	458,568,759,762,916,935,2714,3272,7467,941,1153,2328,7517,119,340
10312	303,737,46,418,482,570,618,784,1146,1148,1149,1150,1151,1152,1153
10313	26,367,2717,387,703,708,859,865,2657,3586,4174,60,248,375,546
10340	2665,4777,953,1138,1554,1885,4173,181,280,523,703,735,800,1141,1497
10362	117,186,230,307,396,488,1619,2311,2410,4913,5718,7008,8275,618,799
10373	117,428,1863,547,548,549,550,3,373,406,479,515,5653,6642,8154
10382	101,1104,1586,58,1160,3,191,367,378,383,1406,1716,1816,2145,2427
10390	370,698,709,728,809,1554,1573,1845,2947,5009,5190,5453,6258,7444,7591
10431	181,204,441,3897,7992,725,1500,1748,3980,4462,4605,117,538,608,611
10440	287,352,367,434,445,1064,372,1267,2216,3220,3,191,511,4683,7128
10445	783,146,690,1607,2257,88,89,117,119,186,204,293,365,370,386
10454	125,204,1069,1159,1476,1582,1586,1619,2910,3988,4767,4793,4826,5669,5869
10455	4,1516,3210,3211,387,703,865,2657,3586,4173,4174,583,1710,2490,582
10462	88,127,142,150,585,587,706,710,1015,1369,2254,2264,2523,3046,3059
10469	370,450,906,2635,4615,4876,5247,5342,7280,8654,8686,3,70,367,479
10477	560,941,99,135,160,175,438,666,755,957,1541,2052,2581,6580,6711
10487	387,1143,1707,4324,4326,956,2356,2724,4373,4375,859,953,1710,2490,117
10504	3,167,186,193,205,340,378,675,685,698,708,859,2486,3612,3966
10506	196,418,694,860,1079,7693,1535,2264,2752,4544,65,88,99,110,119
10510	4212,4570,7712,8128,8283,8284,2925,3819,7648,7650,387,1561,1617,4769,5030
10511	515,611,1147,1596,6443,119,526,691,841,2031,210,2402,2435,804,1038
10517	117,186,236,503,556,693,1968,2186,2188,544,1573,2688,303,794,854
10532	127,340,800,824,1084,1085,1086,1087,1088,64,119,280,721,1830,1976
10534	406,557,558,559,1230,2499,4734,4735,4736,295,911,4128,8185,8186,227
10552	859,1554,6004,1251,3790,4150,3,618,582,708,773,162,387,4779,952
10555	150,691,1358,1369,1472,1545,1887,2371,2615,2636,2653,2654,2656,2657,2658
10562	97,524,979,1543,2586,5645,66,119,316,697,720,778,790,966,971
10572	55,157,1975,41,156,214,333,4213,5022,328,1030,1267,1735,334,5232
10573	186,428,743,3210,7126,117,137,147,179,208,377,413,418,570,720
10577	439,957,1075,1109,2383,6583,2015,3116,429,441,641,1618,1753,1920,2005
10588	582,1139,1140,1489,2812,2,1141,4615,8883,0,328,708,5290,5760,5725
10591	149,158,324,1304,3105,4434,5136,236,446,574,599,1032,1176,1260,1291
10636	2081,2284,2330,2372,2540,117,585,872,990,4000,409,1138,1662,1666,5574
10642	778,879,1678,2878,188,3549,4858,6766,119,387,734,2658,4015,596,743
10643	953,1142,2059,0,181,186,378,449,463,643,671,691,693,720,721
10668	303,506,2235,53,124,567,1403,9342,119,720,1380,1567,1879,2288,4238
10671	367,400,401,428,458,586,692,722,763,953,1147,1830,2084,2877,3506
10672	4060,7532,119,186,188,609,743,804,979,1925,2655,2982,3879,5704,5705
10683	188,204,584,585,586,60,280,627,708,1147,3734,3806,5532,7232,370
10701	204,520,1023,1070,5096,2258,110,378,778,901,2382,3929,387,1561,2788
10727	370,556,601,1032,1100,1111,2185,3120,8670,71,73,224,270,855,1176
10742	511,802,827,1075,1109,2371,2790,3949,4115,6605,6630,186,828,1155,43
10754	3,4,204,238,367,378,485,607,618,724,1381,3866,6960,147,387
10761	1,303,359,366,395,953,7890,772,1038,1512,2209,387,1573,3351,5079
10762	859,1556,1666,1715,2655,20,166,186,387,751,1441,2765,2769,3473,5032
10772	391,2372,3608,5489,5514,110,204,230,877,957,1403,2005,2033,2377,4840
10782	3,205,387,390,598,859,1047,1505,1879,2102,2103,2772,2984,2994,3269
10793	117,137,138,146,210,280,523,551,567,570,585,602,689,703,877
10794	118,743,1135,1573,2041,2431,5057,97,877,979,1602,1915,7180,430,627
10804	618,1074,1076,391,2372,3608,3949,5489,5514,802,827,1109,1154,2790,3627
10814	365,401,2029,3493,3705,4618,186,434,587,627,689,1591,1630,3043,3057
10832	3,110,204,209,238,265,800,1541,4384,5677,6838,690,1421,2257,2284
10845	381,2723,4,69,347,377,483,655,756,760,4823,5899,179,224,340
10863	219,1678,27,3833,3,2064,515,4827,54,188,579,580,666,706,743
10869	41,58,61,69,157,231,258,297,378,379,383,561,685,884,944
10876	119,425,429,593,762,1388,1870,1964,2752,4742,5178,6996,1554,1744,4142
10878	859,953,2084,3093,6685,8450,8811,4087,949,950,955,119,406,1406,2198
10910	110,417,429,901,1809,3929,2,3,150,549,570,702,1462,1581,2913
10922	204,708,1561,1885,4771,5567,6858,7710,8206,8207,8440,162,723,1138,1139
10943	4212,4213,6172,7712,8128,8283,186,204,413,428,627,762,1577,1864,2052
10950	186,377,399,642,675,758,1127,1351,2470,6393,6827,7577,224,528,1310
10955	110,428,579,778,800,941,1677,2657,2660,8270,8465,395,523,877,1959
10957	95,99,438,1607,3579,4132,4581,4800,5364,5565,5566,370,2778,5704,8393
10965	91,99,106,703,1403,1701,2356,2387,3066,88,639,809,1069,1100,1911
10969	15,31,41,206,378,468,1028,1328,1928,1933,2314,2608,3078,4344,5341
10980	479,481,3759,230,264,303,378,2372,2457,4572,156,224,236,255,367
11006	314,315,163,295,363,428,435,610,611,692,716,762,794,817,822
11037	1586,3484,6155,6407,110,395,5433,7740,394,1631,1914,7764,567,3601,150
11038	73,524,2635,1344,5581,6845,1032,1953,2850,418,227,2185,4124,241,271
11064	67,162,191,224,2162,3125,62,68,264,284,1069,1698,1802,1986,3443
11072	204,752,1780,2773,3013,3804,7213,340,1138,3966,3,4,265,683,3855
11073	4,69,205,328,383,475,518,639,796,1976,1977,4920,5247,5677,7531
11089	1872,3473,4716,5140,7907,247,328,1520,2645,3790,757,1682,2644,343,516
11101	1147,2913,60,720,728,2959,5027,162,411,560,582,583,708,1138,2969
11110	3,209,230,367,743,1158,1674,2427,3033,6317,124,156,191,252,791
11113	70,122,870,1704,3257,8399,8498,406,582,859,953,1138,1618,4216,4997
11118	585,711,1623,209,1586,1823,2409,2562,2777,3101,3209,3465,4108,127,418
11121	233,328,337,347,756,1223,1872,2088,4533,119,167,593,723,724,735
11125	191,303,2505,2688,800,862,3348,4018,1403,1532,2797,3725,136,381,2723
11130	738,739,740,741,742,60,243,1584,2551,859,2427,2490,4284,378,3459
11137	236,318,2221,2924,52,66,71,157,224,241,256,270,383,687,704
11145	7059,7239,8623,601,3738,4718,2818,3442,3443,3445,3446,422,627,2015,2030
11164	446,450,964,965,967,968,969,970,972,372,463,3573,3697,5661,193
11170	119,425,429,593,762,1388,1870,4742,5178,5383,6996,8992,4,378,514
11190	278,445,3590,5842,179,1047,1747,2115,5560,7718,525,1116,1403,1714,1920
11192	204,1678,63,69,191,796,826,1009,1072,2540,4,381,1752,110,312
11198	64,249,381,728,828,1398,1681,1682,1683,1684,1685,1686,1687,3,117
11212	149,295,524,5044,5770,5850,477,2029,2503,4259,4782,5005,5516,5886,7908
11224	93,127,286,288,430,438,736,753,804,1165,1809,2166,2259,2382,2692
11233	857,1561,1573,2005,2706,2740,5390,3,78,149,205,1069,2414,4298,7728
11239	343,443,582,614,708,735,824,1487,1488,1489,1490,1491,1493,1494,1495
11240	0,4,224,343,378,1638,2347,3,186,303,367,1763,1782,5610,6141
11259	2056,2059,2663,5158,0,224,7574,8487,475,556,599,2638,70,277,5454
11273	73,375,378,1262,1340,1406,2627,186,1154,1155,203,556,599,778,1525
11277	316,5433,7740,78,204,378,431,877,978,1154,1758,2402,2913,5159,3
11317	299,799,1475,2937,149,204,367,4298,7728,77,188,406,710,830,839
11321	383,524,599,2635,269,4078,4396,52,282,285,553,71,1182,1432,3572
11324	193,194,429,1420,1793,1830,4102,4142,4618,4812,5122,7103,4,378,445
11328	392,409,1606,3327,105,111,204,612,616,743,844,1388,1872,1906,2029
11334	39,41,401,560,800,906,929,1359,1813,2440,2441,2442,2444,12,15
11350	0,224,461,1638,69,191,284,376,728,1591,2318,3608,5190,5559,7444
11358	79,1693,5621,8655,736,897,940,1015,1413,1526,1824,1862,4740,5379,8801
11359	162,2011,2552,97,128,316,418,804,2296,5414,5997,404,1388,1749,1767
11376	185,475,483,606,776,4196,685,778,1381,3677,4394,5020,3,119,139
11380	618,5833,9225,3,119,365,367,378,405,420,1881,2426,2427,2428,2429
11384	127,704,117,162,405,523,696,697,700,703,720,782,913,995,1081
11396	363,369,400,492,601,916,1752,1756,1939,2049,2405,4075,5256,6153,7065
11397	1138,2023,2431,3580,4505,60,146,150,181,182,188,401,413,697,706
11399	3,395,406,479,117,515,859,1516,1618,1707,3479,5915,6476,1311,3692
11416	528,574,771,1310,1312,1415,231,2817,2858,3453,5946,5952,6290,8296,345
11429	117,429,433,582,603,716,775,1618,1835,1911,1925,1995,1996,1997,1998
11471	150,174,293,407,418,571,691,732,941,1810,2034,2257,2389,2915,3162
11473	7479,3,110,293,306,365,367,378,396,549,1472,1719,1872,1888,1919
11482	547,548,527,627,800,1147,8751,1567,1996,5801,70,98,106,113,117
11486	39,135,150,181,186,188,279,280,413,434,438,452,603,627,633
11515	185,381,3186,3570,6579,1905,3590,9456,127,809,1866,2691,166,370,900
11518	1625,1626,938,1609,2321,3184,3585,7305,7568,429,704,799,1714,1734,2011
11523	781,2347,4568,5724,7902,7903,4213,6172,7712,8128,8283,8284,181,549,691
11528	395,2841,2909,4167,4780,4108,4959,6360,8547,73,162,365,3279,110,232
11536	3,146,204,2240,3261,162,186,194,458,735,1004,1070,1398,1497,3014
11543	103,118,1135,1573,2041,2431,5057,526,691,2031,536,541,543,607,5588
11546	418,2178,7446,290,401,458,463,560,895,908,913,931,932,1896,2029
11560	331,743,4202,162,197,265,340,394,401,770,981,1671,2290,2757,1783
11562	0,162,181,188,348,360,587,737,800,858,860,861,862,863,864
11573	181,434,699,700,3046,3672,5631,857,908,1806,5053,5396,7284,7614,627
11577	3,119,363,365,378,390,418,443,453,560,589,632,707,714,726
11579	487,506,88,106,148,401,560,829,957,1586,1607,2410,2562,4544,8042
11581	387,2427,4715,757,5743,119,426,456,743,2056,2059,2306,2434,5162,5914
11595	5429,54,378,406,847,953,1551,1618,1707,2083,2385,2496,2787,4230,4599
11613	186,373,395,406,204,859,113,149,167,191,365,370,396,413,421
11620	940,1575,1861,2030,2923,3062,3319,4585,5469,6011,6710,8730,8778,618,1075
11631	110,282,666,2120,2124,3353,2626,2894,2907,2908,4978,9339,1040,1421,5582
11632	238,380,418,429,1402,1713,3279,3354,4407,7074,8491,8511,8514,8664,9579
11639	149,186,265,511,515,781,1582,1859,2081,2540,730,3557,3614,5463,77
11641	0,119,181,188,204,348,360,387,582,587,735,800,861,862,863
11684	0,1,3,4,7,233,238,239,247,326,406,458,514,561,757
11686	3870,4554,4946,5048,599,1721,3624,167,551,1573,8075,64,146,411,569
11688	181,370,416,721,725,800,2353,3271,3272,877,5855,3,367,378,583
11689	735,870,1138,2949,3171,162,859,1554,2774,2776,3586,4216,5028,5084,7067
11694	99,137,693,2913,8540,5627,88,114,119,127,142,146,150,162,181
11700	522,4,39,49,204,209,316,344,348,383,461,465,495,545,561
11715	186,373,406,479,204,364,405,3387,3689,5359,693,3589,6363,1142,1596
11734	150,167,205,290,418,705,1409,3401,6244,6256,1554,1848,6257,693,800
11745	301,1376,1403,1586,2104,3088,6155,8409,157,1328,3077,101,110,329,332
11754	193,446,530,985,1644,1935,2642,3021,3123,7771,189,585,770,3575,5036
11756	90,117,119,181,188,428,515,627,697,877,878,879,150,616,724
11761	117,280,288,2359,2527,2528,4544,4681,62,301,550,781,567,3719,4355
11777	65,84,311,1483,2193,4085,8557,3,191,328,2526,3561,5295,5816,6586
11783	205,387,459,953,2552,239,328,339,341,458,649,1638,1659,2924,3453
11784	204,877,5855,582,3567,5969,3,370,586,716,1497,1561,1669,3563,3805
11787	252,877,6045,514,796,1137,6649,352,359,2406,3101,5210,6099,1077,1659
11809	113,120,438,779,1403,1741,2390,7803,119,607,957,1715,1806,2831,5588
11818	188,523,639,1541,204,981,1543,2397,2398,2399,2400,102,181,702,800
11820	5830,8052,204,405,1779,2769,8300,428,722,2059,3937,3,246,367,688
11838	119,205,465,639,859,2286,2372,406,1573,1678,1704,1830,2969,3797,4114
11849	58,78,90,488,827,1069,1449,1527,1551,2647,7279,9363,117,227,297
11852	4,387,251,255,528,1268,1279,2347,2490,7469,252,378,524,547,549
11866	1562,2347,2995,3359,4218,5661,6066,6528,204,387,5029,1496,2352,2957,3458
11882	743,1406,1829,3243,841,1147,2812,117,186,315,431,666,762,781,809
11895	303,2505,2688,39,122,136,150,349,428,697,781,957,1006,1010,1600
11900	953,1710,2490,3,119,204,205,378,387,2286,2372,4,1147,2005,1137
11915	193,251,340,446,770,883,966,1935,2210,2246,2560,3572,4780,5075,5191
11916	230,282,313,356,2016,2019,2580,2807,3352,3463,3484,3752,3862,3914,3976
11919	1417,6468,8641,162,180,185,251,463,513,517,586,756,990,1058,1298
11924	383,475,4351,282,370,428,445,702,720,839,4341,137,162,367,877
11925	1339,2608,3598,3601,3602,854,880,885,1099,295,401,1872,4463,4495,6298
11926	618,4,181,186,367,582,735,857,1561,1872,2968,3244,3479,3521,3761
11941	986,988,7787,204,387,859,2349,186,864,6502,162,193,373,449,736
11954	99,114,117,119,147,181,186,280,370,416,479,549,602,603,616
11956	1500,2005,69,1658,4273,191,204,219,3261,3279,4745,5742,5761,6279,2
11960	215,1558,3006,7061,7062,7573,2198,3462,4326,5210,6401,6730,6988,8082,9124
11962	39,921,2916,163,313,428,430,435,523,602,603,627,632,778,910
11968	3,64,72,101,136,149,156,191,205,224,230,264,284,303,344
12001	146,204,373,401,1151,3581,4229,859,1550,2005,3184,857,953,1715,2209
12006	639,859,1147,3,2372,5656,431,1661,1765,3561,4117,5905,9136,622,3211
12008	3,406,413,448,594,636,1085,2967,3034,6352,6600,8363,70,119,2776
12010	3,328,367,755,854,1546,2104,2347,2874,4613,230,3586,4217,5330,60
12028	69,193,328,764,8774,84,518,2087,2935,2455,2532,2696,2722,8825,332
12029	110,313,314,58,1160,97,2027,102,186,438,2410,3742,5113,122,124
12030	147,367,378,865,7548,7549,566,2353,2737,2769,2871,3563,3739,4115,4316
12061	4,224,456,551,1135,1136,1137,1140,1141,1142,1143,1144,1145,870,2949
12063	850,7123,76,1009,1533,4184,5066,204,375,378,383,941,1262,1340,1406
12076	69,78,181,191,209,230,357,378,395,406,618,721,800,829,2284
12087	0,5,7,233,238,239,326,458,514,561,757,1030,1311,2097,2228
12114	119,122,137,162,627,841,1885,1899,2275,2325,2523,2611,2692,5971,7026
12131	0,1,6,162,2496,3002,3273,3274,248,330,335,359,477,487,757
12137	110,560,753,976,1680,2015,2397,4003,340,370,394,981,1631,2560,119
12148	197,2055,0,162,418,582,1666,2610,101,953,4154,5008,5759,618,627
12159	1142,2752,3,367,557,1138,2225,2866,2868,2869,2870,2871,2872,523,708
12161	269,303,528,546,656,1030,1744,2505,2936,8738,9254,684,685,686,687
12172	11,15,25,27,31,32,34,66,69,71,73,74,206,231,234
12175	303,366,691,1715,2701,2722,8924,397,461,586,775,2406,2431,117,205
12177	58,117,186,316,401,438,515,689,773,941,1719,2523,4481,4659,7085
12185	162,279,627,736,345,1413,2139,2414,4119,6466,224,252,528,1042,1116
12191	406,607,1591,2312,2313,299,413,778,1606,405,1829,6363,6759,378,750
12193	4,188,230,265,428,549,960,1527,1586,1602,1879,2310,2311,2417,2918
12198	653,1230,3840,3922,317,336,516,7915,247,328,1520,2645,233,1135,1285
12202	773,119,463,675,1047,1512,1936,1938,447,595,634,635,636,637,639
12205	124,186,188,488,698,854,2947,3341,4212,5627,7995,8029,549,1862,1943
12211	167,303,378,406,485,859,953,3692,7123,162,205,409,612,691,2002
12217	700,1154,1155,526,1069,1572,3434,3435,3436,1081,1158,3394,5599,418,424
12221	316,2027,277,356,618,2070,2079,2890,5623,9476,456,709,841,1704,1714
12240	359,3055,181,204,219,396,418,479,515,1070,1406,1598,1630,1959,2071
12241	583,735,1138,1885,5012,5013,5014,3,348,723,1139,1554,1674,2490,3567
12245	295,298,899,396,766,2347,127,985,1361,1409,1413,2552,130,1463,2893
12265	2,463,249,1926,4352,4353,515,1500,2005,246,367,2457,5477,8044,517
12282	1328,3077,3,110,112,364,391,618,1075,2372,2561,2944,3239,3279,4745
12283	411,418,612,859,1489,1563,2541,4924,4927,6147,7282,7531,8183,8184,586
12313	5027,6172,7712,8128,8283,8284,3036,3058,3060,3194,4574,4576,7548,7718,7797
12324	454,565,1739,2240,438,1006,1049,1376,1816,119,150,187,189,193,418
12325	27,31,236,239,303,317,328,347,377,475,516,574,1009,1030,1125
12342	112,557,3479,4131,5439,147,3949,6523,6770,378,700,1666,2458,2581,95
12346	3,60,494,499,2662,2895,3036,3656,4213,4590,5531,6864,8558,4,186
12353	3,367,376,684,2706,4716,5135,5140,58,101,162,1885,1947,188,428
12358	3,65,204,387,556,1235,3470,4686,4899,12,24,99,119,205,206
12367	88,179,289,316,438,902,1101,1586,1591,1810,2615,2622,3281,3401,3873
12368	1142,1406,3420,60,1056,1153,1361,1409,2130,2455,2625,5121,6318,7757,4
12372	58,110,120,137,162,204,211,316,387,543,549,579,697,703,712
12375	147,232,523,583,627,708,1142,1497,1546,1672,1875,1887,2347,2352,4302
12395	3,586,1707,372,590,2179,2952,3002,5587,6815,167,406,485,773,859
12408	461,3841,5057,5234,3,101,102,339,343,367,1030,1285,1329,3368,3768
12410	406,557,558,559,1230,2499,4734,4735,4736,233,280,463,1705,5212,295
12411	694,1547,5554,6316,865,1576,1878,2352,3567,7960,111,1557,2403,4322,2427
12429	693,1554,1707,1885,2011,2353,6787,7050,4,167,186,593,723,859,1519
12430	1137,1140,1142,1561,1780,1781,1880,2348,3462,3563,3612,4313,4326,4335,5249
12460	387,708,1554,1561,4015,6858,6859,8206,8207,1640,2084,2489,4306,7966,4087
12465	1403,3226,958,959,960,961,962,61,285,295,383,516,653,1051,1345
12468	692,4916,7969,8080,188,206,4444,380,384,501,542,545,716,755,762
12469	122,579,783,3626,3728,6549,4,187,193,194,298,655,2077,3014,5305
12474	361,378,1672,4305,7924,7966,9124,9187,1045,1142,1774,2041,2795,3351,4303
12481	97,204,523,724,1561,1920,2357,5164,5328,7189,1079,1942,3,185,205
12482	119,181,280,582,587,750,1138,1548,1806,2347,2775,2982,3262,3866,3929
12503	205,2470,3512,3887,7566,395,809,2011,2396,804,3261,9495,413,430,3411
12517	387,4541,6967,204,378,406,501,3245,3473,3722,6639,191,303,359,367
12526	161,753,775,7479,265,579,781,1403,1527,2269,4001,7940,9337,708,1885
12528	363,898,911,1989,2697,3775,4075,4639,8861,3,186,204,373,805,1500
12534	1635,2156,3790,328,372,1267,2216,236,5861,6449,6735,191,224,233,239
12539	23,27,33,269,317,337,366,377,464,505,516,528,645,1202,1241
12540	150,222,289,549,550,570,579,890,1006,1104,1376,1527,1586,1600,1602
12553	69,317,336,516,7915,241,273,318,5323,27,33,156,191,271,383
12555	3,181,373,523,527,582,702,735,737,859,1561,1687,2752,2766,2774
12559	37,255,328,383,479,518,691,953,1140,1171,1638,1916,4018,4064,4896
12567	162,864,2928,119,197,367,400,401,428,479,523,612,692,722,724
12608	197,2311,2356,2486,7171,188,628,1662,1666,1941,2005,2402,3328,3828,106
12611	326,1135,1144,2449,5049,1707,1708,5523,583,859,1710,3,4,124,136
12612	337,1330,31,552,605,1032,1035,1040,1055,1061,1259,1350,1360,2638,3330
12613	188,293,395,762,1388,3343,205,208,828,1011,2551,3015,8349,303,737
12616	679,883,5580,864,1151,1572,1830,205,428,1433,1662,1777,3581,3921,5706
12627	859,1575,7803,440,700,1918,439,1074,1075,2787,2788,2790,39,65,204
12633	568,2867,2999,7012,60,288,743,1070,1079,7778,8754,147,720,784,800
12639	599,1128,1662,1666,3027,7546,8660,387,582,743,953,1147,1561,2560,2952
12647	197,859,2055,181,708,1139,1497,2490,2812,3349,3350,3351,119,1353,1365
12649	586,743,770,1885,5837,4,119,167,186,593,723,859,1488,1519,1554
12650	4,447,634,635,639,640,641,3,60,181,627,714,720,733,736
12656	3,359,775,829,886,73,88,157,228,287,352,373,482,488,528
12663	111,1547,2545,2940,7848,450,458,1651,1663,2181,2635,2642,8209,121,145
12664	356,1591,2333,2656,2837,3874,4606,4878,6578,8127,8904,409,524,557,569
12665	4,3586,4217,5330,3,373,387,583,632,735,1549,2867,2959,2999,3552
12668	204,6447,8154,142,150,378,1380,1602,2457,3873,3874,119,280,743,1135
12673	859,2969,204,209,367,387,1406,2081,2540,6826,684,685,686,687,528
12679	43,46,362,468,8396,0,169,174,295,304,327,421,506,602,1099
12734	11,68,149,204,214,236,367,522,528,574,688,762,796,887,1058
12742	204,378,2913,1488,1573,2431,387,459,735,953,2552,0,328,3816,2410
12749	95,153,712,1080,1715,1718,1882,2170,2371,2467,2468,2512,3279,3656,3949
12762	66,370,599,681,691,770,911,1662,1666,3321,119,204,463,531,685
12775	378,458,2692,4572,291,3491,6279,585,1567,4002,7505,337,383,504,2657
12790	378,1505,197,387,1573,2055,4,953,1516,3210,3211,12,2505,3858,3859
12798	577,743,2464,3949,1140,1141,2348,1038,8466,147,410,1080,2473,2477,2481
12810	1015,5127,9194,243,804,1612,2061,2311,3033,3580,3928,4182,232,259,268
12848	261,269,653,2722,191,329,886,1055,1127,1131,1750,3335,5416,3,31
12856	367,458,3563,479,1936,3395,9248,119,162,204,582,583,612,627,1137
12857	54,368,737,957,1087,1879,4160,4453,4551,7012,97,103,118,162,702
12861	137,186,188,627,689,690,697,736,781,1008,1606,1678,2266,2329,2333
12867	567,585,703,1138,2264,3525,3557,3558,186,188,204,418,441,515,527
12878	449,766,2427,1547,2552,5500,893,1057,2811,2817,4024,586,895,1643,2633
12883	162,186,859,1554,1559,2336,2536,3027,7444,1744,3622,5605,7303,111,2084
12884	191,2505,2688,337,396,799,3208,499,1567,7976,70,1782,4413,69,204
12898	0,1,2,5,6,7,859,1516,3210,3211,265,518,683,3855,3934
12901	906,5050,6959,345,1976,2733,3948,753,921,2611,3123,69,191,327,556
12912	363,755,953,181,204,367,373,387,582,762,1138,1561,1885,2169,3328
12918	12,239,241,255,318,328,339,343,590,645,1238,1267,1301,1303,1640
12934	654,665,679,1651,1663,2181,2642,8209,0,200,340,540,664,966,971
12935	255,458,463,966,968,1636,2982,3564,8218,200,247,337,366,450,763
12938	370,770,1497,1946,3135,39,753,937,3196,54,2075,2077,2682,4002,3
12959	246,2457,5477,8044,230,254,775,829,0,69,204,269,387,1573,316
12984	3,378,3349,4015,5563,8684,162,4779,284,566,724,773,3692,4762,188
12996	230,6553,124,318,319,653,1759,2503,26,367,1142,1561,1685,2347,2542
